climate,Habitat,Pointcode,Grass height,Greenness, % cover,Openness,Big stock,Small stock,Livestock,Blackbuck,Total live wt,% Carbon,% Nitrogen,CtoN,drywt,Dist,scaled_wt
Postmonsoon,Protected,point3,65,30,50,98,4,0,0,4,209.64,39.7,0.55578,71.43114182,142.08,-169.47,14.208
Postmonsoon,Protected,point4,40,15,65,30,0,0,0,0,120.96,NA,NA,NA,101.4,-44.25,10.14
Postmonsoon,Protected,point6,65,5,90,80,0,0,0,5,142.01,43.8,0.408,107.3529412,128.77,-143.81,12.877
Postmonsoon,Protected,point7,40,60,20,50,0,0,0,6,88.42,41,0.68178,60.13670099,26.83,-208.74,2.683
Postmonsoon,Protected,point8,61,2,85,70,0,0,0,2,150.91,39.15,1.12795,34.70898533,122.02,-82.01,12.202
Postmonsoon,Protected,point9,40,95,30,70,0,0,0,2,213,41.1,0.89195,46.07881608,133.52,-31.08,13.352
Postmonsoon,Protected,point10,60,40,90,50,0,1,1,2,233.54,NA,NA,NA,212.99,-5.73,21.299
Postmonsoon,Protected,point12,70,70,100,30,0,0,0,0,239.77,NA,NA,NA,175.14,-64.53,17.514
Postmonsoon,Protected,point13,16,20,40,100,0,0,0,2,107.96,NA,NA,NA,95.86,-164.5,9.586
Postmonsoon,Protected,point14,40,15,35,70,0,0,0,5,117.85,NA,NA,NA,70.72,-27.84,7.072
Postmonsoon,Protected,point15,62,55,65,100,2,0,1,4,181.13,37.2,0.68685,54.16029701,148.18,-201.34,14.818
Postmonsoon,Protected,point16,53,30,45,30,0,0,0,0,228.33,38.55,0.91125,42.30452675,180.518,-12.17,18.0518
Postmonsoon,Protected,point17,53,10,65,80,0,0,0,3,164.92,40.4,0.89561,45.10892018,111.02,-57.06,11.102
Postmonsoon,Protected,point18,20,20,70,98,0,0,0,0,102.99,NA,NA,NA,89.25,-144.16,8.925
Postmonsoon,Protected,point19,15,15,45,100,0,0,0,6,77.32,34.5,1.1719,29.43937196,41.52,-119.03,4.152
Postmonsoon,Protected,point20,13,20,80,100,0,0,0,2,102.22,38.45,0.80406,47.81981444,65.8,-254.87,6.58
Postmonsoon,Unprotected,point21,5,5,55,50,6,0,4,0,90.6,NA,NA,NA,74.14,342.64,7.414
Postmonsoon,Unprotected,point22,4,12,55,100,0,4,4,0,132.64,NA,NA,NA,116.57,510.72,11.657
Postmonsoon,Unprotected,point23,11,10,60,100,0,4,4,1,85.92,NA,NA,NA,72.49,305.62,7.249
Postmonsoon,Unprotected,point24,8,40,75,100,2,1,3,1,92.89,36.2,0.85291,42.44293067,72.37,301.95,7.237
Postmonsoon,Unprotected,point25,12,30,80,80,23,0,8,1,82.46,33.95,0.801805,42.34196594,50.73,1117.4,5.073
Postmonsoon,Unprotected,point26,10,20,40,100,13,0,7,0,50.86,34.9,0.8669,40.25839197,39.67,1564.28,3.967
Postmonsoon,Unprotected,point27,12,15,45,75,3,4,7,1,79.36,29.35,1.3272,22.11422544,56.03,185.68,5.603
Postmonsoon,Unprotected,point29,6,100,45,90,6,1,7,0,236.77,34.8,0.872155,39.90116436,197.71,939.9,19.771
Postmonsoon,Unprotected,point35,11,30,70,100,10,1,8,0,66.16,37.2,0.84055,44.25673666,54.34,1215.56,5.434
Postmonsoon,Unprotected,point36,43,20,40,90,2,2,2,0,144.83,36.3,1.05202,34.50504743,116.923,255.54,11.6923
Postmonsoon,Unprotected,point38,4,20,35,100,0,3,3,1,101.31,NA,NA,NA,88.67,994.49,8.867
Postmonsoon,Protected,point3,121.33,6,50,73.33,0,0,0,0,421.09,36.5,0.45836,79.63173052,392.04,-169.47,39.204
Postmonsoon,Protected,point4,27.33,2,41.67,53.33,0,0,0,0,115.4,40.6,0.51169,79.34491587,113.2,-44.25,11.32
Postmonsoon,Protected,point6,70,4,66.67,38.33,0,0,0,1,183.3,42.3,0.48256,87.65749337,162.6,-143.81,16.26
Postmonsoon,Protected,point7,57.67,7.67,41.67,96.67,0,0,0,3,63.8,38.9,0.608715,63.90511159,55.1,-208.74,5.51
Postmonsoon,Protected,point8,79.33,6.67,66.67,76.67,0,0,0,0,175,39.15,0.947375,41.32471302,175,-82.01,17.5
Postmonsoon,Protected,point9,78.67,6.67,33.33,76.67,0,0,0,0,322.9,43.7,0.46093,94.8083223,261.6,-31.08,26.16
Postmonsoon,Protected,point10,20,5,75,80,0,0,0,4,128.6,NA,NA,NA,110.6,-5.73,11.06
Postmonsoon,Protected,point11,17,0,70,40,0,0,1,0,156.4,42.2,0.40807,103.41363,129.5,-204.84,12.95
Postmonsoon,Protected,point12,44,80,90,30,1,0,1,0,324.9,36.25,0.772415,46.93073024,184,-64.53,18.4
Postmonsoon,Protected,point13,27.67,11.67,60,99.33,0,0,0,5,82.6,37.8,1.082,34.93530499,71.8,-164.5,7.18
Postmonsoon,Protected,point14,42.33,6.67,88.33,68.33,0,0,0,0,196,NA,NA,NA,176.1,-27.84,17.61
Postmonsoon,Protected,point15,50,6.67,60,86.67,0,0,0,0,110.4,37.7,0.648475,58.13639693,85.5,-201.34,8.55
Postmonsoon,Protected,point16,81,17.5,65,70,0,0,0,0,125.2,41.6,0.46891,88.71638481,111.6,-12.17,11.16
Postmonsoon,Protected,point17,67,1.67,61.67,61.67,0,0,0,0,98.4,38.9,0.70998,54.79027578,82.8,-57.06,8.28
Postmonsoon,Protected,point18,48.67,6.67,52.67,99.33,0,0,0,2,57.6,41.6,0.73276,56.77165784,50.2,-144.16,5.02
Postmonsoon,Protected,point19,17.67,4,53.33,98.33,0,0,0,4,127.8,41.4,0.95717,43.25250478,48,-119.03,4.8
Postmonsoon,Protected,point20,15.33,3.33,55,100,0,0,0,5,110.6,41.6,0.55747,74.62284966,92.8,-254.87,9.28
Postmonsoon,Unprotected,point21,13.67,5,63.33,96.67,4,0,2,0,63.4,39.8,0.45095,88.25812174,62.4,342.64,6.24
Postmonsoon,Unprotected,point22,12.33,4.33,51.67,100,4,5,6,0,115.3,39,0.59312,65.75397896,98.8,510.72,9.88
Postmonsoon,Unprotected,point23,10,3.67,68.33,100,8,6,9,1,89.4,38.6,0.64779,59.58721191,79.2,305.62,7.92
Postmonsoon,Unprotected,point24,17,4.33,30,100,1,1,2,0,39.8,37.8,1.0497,36.01028865,34.2,301.95,3.42
Postmonsoon,Unprotected,point25,10.33,2.33,56.67,93.33,3,0,3,2,48.7,38.5,0.82069,46.911745,48.6,1117.4,4.86
Postmonsoon,Unprotected,point26,10.67,12.67,60,100,5,2,5,0,49.3,39.8,0.78264,50.85352141,42.8,1564.28,4.28
Postmonsoon,Unprotected,point27,11,8.33,76.67,98.33,4,12,10,0,89.2,41.4,0.65137,63.55834625,65.9,185.68,6.59
Postmonsoon,Unprotected,point28,5.33,0,7,63.33,2,0,0,0,87.3,NA,NA,NA,82.5,1068.75,8.25
Postmonsoon,Unprotected,point29,4,40,27.5,100,1,1,2,0,52.5,NA,NA,NA,43.6,939.9,4.36
Postmonsoon,Unprotected,point30,7.33,6.67,55,100,11,4,11,0,67.7,37.8,0.7164,52.7638191,60.5,266.73,6.05
Postmonsoon,Unprotected,point31,6,15,40,45,3,1,6,0,54.2,34,0.86497,39.30772166,36.9,2059.92,3.69
Postmonsoon,Unprotected,point32,14,5,75,80,7,3,7,0,70.2,37.5,0.93135,40.26413271,64.8,118.48,6.48
Postmonsoon,Unprotected,point33,11,10,67.5,100,7,2,4,0,58.55,37.6,0.72251,52.0408022,52.6,173.51,5.26
Postmonsoon,Unprotected,point34,11.33,3.33,35,100,7,1,6,0,37,38.1,1.0064,37.85771065,36.6,2060.71,3.66
Postmonsoon,Unprotected,point35,6.67,5,41.67,96.67,4,1,3,0,38.6,NA,NA,NA,35.6,1215.56,3.56
Postmonsoon,Unprotected,point36,9.33,5,88.33,95,1,0,1,0,71,35.1,1.0523,33.35550698,56.6,255.54,5.66
Postmonsoon,Unprotected,point38,6.67,25,30,100,9,11,12,0,50.4,37.2,0.71518,52.01487737,44,994.49,4.4
Summer,Protected,point1,24.5,0,45,70,0,0,0,0,88,39.55,0.91165,43.3828772,85.8,-17.08,8.58
Summer,Protected,point3,63.33,0.67,40,70,0,0,0,1,167.6,31.85,1.21085,26.30383615,165.8,-169.47,16.58
Summer,Protected,point4,33.33,0,68.33,56.67,0,0,0,1,119.6,39.15,0.60045,65.20109918,116.1,-44.25,11.61
Summer,Protected,point5,33,0,35,96.67,0,0,0,3,56,NA,NA,NA,53.2,-301.46,5.32
Summer,Protected,point6,45,0,53.33,71.67,0,0,0,1,98.4,NA,NA,NA,98.1,-143.81,9.81
Summer,Protected,point7,38.33,0.67,28.33,98.67,0,0,0,2,44.1,NA,NA,NA,43.4,-208.74,4.34
Summer,Protected,point8,42.67,1.67,8.33,88.33,0,0,0,1,58.6,39.85,1.1249,35.42537114,58.6,-82.01,5.86
Summer,Protected,point9,91,3.33,40,96.67,0,0,0,0,428.1,39,0.44093,88.44941374,427.1,-31.08,42.71
Summer,Protected,point10,42.33,1.67,53.33,81.67,2,0,1,3,50,38.4,0.59335,64.71728322,48.6,-5.73,4.86
Summer,Protected,point12,82.33,39.67,63.33,83,0,0,0,1,444.1,38.75,0.54066,71.67166056,334.5,-64.53,33.45
Summer,Protected,point13,54.67,1.33,26.67,96.67,0,0,0,5,101.6,36.4,0.70054,51.95991664,101.1,-164.5,10.11
Summer,Protected,point14,45.33,0,48.33,53.33,0,0,0,2,58.3,NA,NA,NA,58,-27.84,5.8
Summer,Protected,point15,51.33,0.67,48.33,83.33,0,0,0,2,82.8,36.2,1.2291,29.45244488,82.5,-201.34,8.25
Summer,Protected,point16,60,2,27.5,95,0,0,0,0,57.4,41.1,0.64512,63.70907738,57.4,-12.17,5.74
Summer,Protected,point17,25,0,31.67,60,0,0,0,1,47.6,42.2,0.34732,121.5017851,42.8,-57.06,4.28
Summer,Protected,point18,47.67,0.67,26.67,100,0,0,0,0,131.1,28.95,0.542125,53.40096841,131.1,-144.16,13.11
Summer,Protected,point19,11,0,4.67,96.67,0,0,0,5,107,37.9,1.1,34.45454545,27.4,-119.03,2.74
Summer,Protected,point20,15.33,0,43.33,100,0,0,0,3,75.7,42.3,0.73329,57.68522685,72.3,-254.87,7.23
Summer,Unprotected,point21,30.67,4,31.67,90,1,0,0,0,58.1,37.3,1.43845,25.93068928,56.3,342.64,5.63
Summer,Unprotected,point22,14.67,3.33,23.33,100,5,12,12,0,55.3,37.3,0.63669,58.58424037,52,510.72,5.2
Summer,Unprotected,point23,11.67,0.67,33.33,100,3,3,5,0,34.7,NA,NA,NA,33.8,305.62,3.38
Summer,Unprotected,point24,8.67,1.67,25,100,2,0,2,0,34.3,39,0.88097,44.26938488,34.1,301.95,3.41
Summer,Unprotected,point25,7.33,0.33,28.33,88.33,3,0,3,2,35.1,32.1,0.76809,41.7919775,34.9,1117.4,3.49
Summer,Unprotected,point26,8,1.33,30.67,100,0,0,0,0,44,NA,NA,NA,43.6,1564.28,4.36
Summer,Unprotected,point27,15,2,25,98.33,3,2,5,0,43.8,40.4,0.65966,61.24367098,43.1,185.68,4.31
Summer,Unprotected,point29,25.33,1.33,30,90,1,3,4,0,67.9,36.8,0.84265,43.67174984,67.6,939.9,6.76
Summer,Unprotected,point30,1,1.67,23.33,98.33,4,4,4,0,35,35.5,1.1619,30.55340391,33.8,266.73,3.38
Summer,Unprotected,point31,6,0.67,9,50,2,0,2,0,45.1,34.7,0.7285,47.6321208,42.4,2059.92,4.24
Summer,Unprotected,point32,8.33,2.67,38.33,95,6,0,4,0,32.9,34.2,1.21935,28.04773035,32,118.48,3.2
Summer,Unprotected,point33,5.5,1.5,20,95,2,0,2,0,40.6,35,0.59058,59.26377459,39.7,173.51,3.97
Summer,Unprotected,point34,7.67,0.67,21.67,100,2,0,2,0,49.4,40.3,0.60422,66.69756049,47.8,2060.71,4.78
Summer,Unprotected,point35,19.33,0.67,8.33,100,2,0,1,0,23.4,38,1.0476,36.27338679,23.3,1215.56,2.33
Summer,Unprotected,point36,21.67,0.67,41.67,98.67,0,0,0,1,58.2,39.3,0.69741,56.35135716,54,255.54,5.4
Summer,Unprotected,point37,4,1,13.33,100,8,0,8,1,46.8,39.6,0.78269,50.59474377,42.4,379.65,4.24
Summer,Unprotected,point38,7.33,1.33,18.33,100,3,3,6,3,27.2,38.5,0.66176,58.17819149,27.2,994.49,2.72
Summer,Protected,point1,33.33,0,31.67,83.33,1,0,1,0,136.7,NA,NA,NA,132,-17.08,13.2
Summer,Protected,point2,0,0,0,93.33,0,0,0,3,NA,NA,NA,NA,0,-91.92,0
Summer,Protected,point3,103.33,0,41.67,58.33,0,0,0,1,44.5,32.85,0.497225,66.06667002,44.3,-169.47,4.43
Summer,Protected,point4,68,0,28.33,43.33,0,0,0,2,80.7,37.4,0.698545,53.53985785,80.5,-44.25,8.05
Summer,Protected,point5,33.33,0,41.67,96.67,0,0,0,2,97.6,40.5,0.57428,70.52308978,97.5,-301.46,9.75
Summer,Protected,point6,28.33,0,45,78.33,0,0,0,3,110.3,38.65,0.60893,63.47199185,110.3,-143.81,11.03
Summer,Protected,point7,40.67,0.67,30,100,0,0,0,1,57.9,36.5,0.635865,57.40212152,57.6,-208.74,5.76
Summer,Protected,point8,59.33,0,51.67,86.67,0,0,0,1,162.2,37,0.7941825,46.58878784,161.9,-82.01,16.19
Summer,Protected,point9,22.33,0,8.33,65,0,0,0,0,42,NA,NA,NA,41.9,-31.08,4.19
Summer,Protected,point10,5,0,28.33,76.67,0,0,1,1,NA,NA,NA,NA,0,-5.73,0
Summer,Protected,point11,0,0,0,70,0,0,0,0,NA,NA,NA,NA,0,-204.84,0
Summer,Protected,point12,67.33,3.33,53.33,86.67,0,0,0,1,306.8,38.05,0.74225,51.26305153,304.9,-64.53,30.49
Summer,Protected,point13,39.33,0.67,21.67,93.33,0,0,0,6,49.8,NA,NA,NA,49.7,-164.5,4.97
Summer,Protected,point14,74.33,0,41.67,45,0,0,0,1,82.8,38.3,0.62164,61.61122193,82.7,-27.84,8.27
Summer,Protected,point15,36.67,0,40,83,0,0,0,2,90,37.7,0.50935,74.01590262,89.9,-201.34,8.99
Summer,Protected,point16,73.5,0,57.5,82.5,0,0,0,0,95.6,38,0.49132,77.34266873,95.6,-12.17,9.56
Summer,Protected,point17,34.33,0,38.33,70,0,0,0,0,51.1,NA,NA,NA,51,-57.06,5.1
Summer,Protected,point18,93.67,0,71.67,99.33,0,0,0,0,144.5,34.6,0.45366,76.26857118,144.4,-144.16,14.44
Summer,Protected,point19,23.33,0,36.67,100,0,0,0,3,43.4,40.2,0.79942,50.28645768,43.2,-119.03,4.32
Summer,Protected,point20,19.67,0,31.67,100,0,0,0,3,39,42.1,0.71539,58.84901942,38.7,-254.87,3.87
Summer,Unprotected,point21,22,0,73.33,80,3,0,3,1,42.2,31.75,0.673765,47.12325514,41.8,342.64,4.18
Summer,Unprotected,point22,8,3.33,33.33,100,0,3,2,0,48,37.1,0.7648,48.50941423,48,510.72,4.8
Summer,Unprotected,point23,9.33,3.33,28.33,100,2,0,2,0,40,36.5,0.67652,53.95258085,40,305.62,4
Summer,Unprotected,point24,6.33,0,20,100,0,0,0,0,27.9,37.6,0.75694,49.67368616,27.7,301.95,2.77
Summer,Unprotected,point25,5.33,0,35,93.33,1,1,2,0,32.9,37.2,0.93525,39.77546111,32.9,1117.4,3.29
Summer,Unprotected,point26,5.67,0,21.67,100,0,1,1,0,33.4,NA,NA,NA,33.2,1564.28,3.32
Summer,Unprotected,point27,22,0,26.67,96.67,1,0,0,2,44.4,NA,NA,NA,44.2,185.68,4.42
Summer,Unprotected,point28,2.67,0,11.67,66.67,0,0,2,0,NA,NA,NA,NA,0,1068.75,0
Summer,Unprotected,point29,11.67,2.33,21.67,100,1,1,2,0,22.7,39.3,0.9509,41.32926701,22.4,939.9,2.24
Summer,Unprotected,point30,5,1.67,31.67,100,4,3,6,0,27.1,39.9,0.89808,44.42811331,26.2,266.73,2.62
Summer,Unprotected,point31,4.33,0,16.67,90,2,0,2,0,34.7,NA,NA,NA,34.6,2059.92,3.46
Summer,Unprotected,point32,5.67,5,18.33,99.33,0,3,3,2,45.3,39.4,0.71188,55.3464067,42.5,118.48,4.25
Summer,Unprotected,point33,3.33,1.33,11.67,65,1,1,2,0,31.4,NA,NA,NA,31.1,173.51,3.11
Summer,Unprotected,point34,13.33,0,20,100,1,3,4,0,30.6,37.3,0.95896,38.89630433,30.4,2060.71,3.04
Summer,Unprotected,point35,7.67,0,18.33,100,1,0,1,1,33.7,38.8,0.74594,52.01490737,33.6,1215.56,3.36
Summer,Unprotected,point36,1,0,1.67,85,0,0,0,0,0,NA,NA,NA,0,255.54,0
Summer,Unprotected,point37,13.33,0,18.33,100,2,3,5,6,54.3,38.8,0.7253,53.49510547,54,379.65,5.4
Summer,Unprotected,point38,14.67,7.67,23.33,100,1,0,1,0,24.6,37.2,0.57495,64.70127837,24.6,994.49,2.46
Premonsoon,Protected,point6,8.67,60,60,83.33,0,0,0,0,126.8,41.3,0.6548,63.07269395,99.4,-143.81,9.94
Premonsoon,Protected,point7,33.33,56.67,36.67,100,0,0,0,1,73.5,29.6,1.13645,26.0460205,73.5,-208.74,7.35
Premonsoon,Protected,point8,29,70,56.67,90,0,0,0,0,116.9,39.8,1.3479,29.52741301,82.3,-82.01,8.23
Premonsoon,Protected,point9,34.33,80,53.33,96,0,0,0,1,212.4,43.5,1.0017,43.4261755,116.6,-31.08,11.66
Premonsoon,Protected,point10,11.67,60,48.33,86.67,0,0,0,2,62.2,39,0.79958,48.77560719,50.3,-5.73,5.03
Premonsoon,Protected,point11,3.33,100,28.33,73.33,0,0,0,1,59.6,38.7,2.6441,14.6363602,30,-204.84,3
Premonsoon,Protected,point12,30,13.33,51.67,91.67,0,0,0,1,197.6,31.3,0.86804,36.05824616,188.8,-64.53,18.88
Premonsoon,Protected,point13,9.33,66.67,31.67,100,0,0,0,2,67.4,36.7,1.1398,32.19863134,53,-164.5,5.3
Premonsoon,Protected,point14,12,56.67,40,85,0,0,0,0,93.4,38,0.88939,42.72591327,82.6,-27.84,8.26
Premonsoon,Protected,point15,23.67,33.33,41.67,80,0,0,0,2,94,37.2,0.82497,45.09254882,77.8,-201.34,7.78
Premonsoon,Protected,point16,50.5,45,87.5,95,0,0,0,0,124.7,41.3,0.70764,58.36300944,100.9,-12.17,10.09
Premonsoon,Protected,point17,35.67,66.67,53.33,75,0,0,0,0,264.1,39.4,0.40809,96.54733025,205.7,-57.06,20.57
Premonsoon,Protected,point18,49.33,65,45,99.33,0,0,0,0,55.3,37.9,1.286,29.47122862,33.2,-144.16,3.32
Premonsoon,Protected,point19,8.33,73.33,56.67,96.67,0,0,0,1,68.5,33.7,1.6715,20.16153156,42.3,-119.03,4.23
Premonsoon,Protected,point20,5.67,53.33,56.67,100,0,0,0,2,115.2,37.4,1.3829,27.04461639,72.3,-254.87,7.23
Premonsoon,Unprotected,point21,1.67,91.67,11.33,80,0,0,0,1,44.4,40,1.1733,34.09187761,34.5,342.64,3.45
Premonsoon,Unprotected,point22,3,73.33,43.33,100,1,0,1,0,51.4,36.5,1.3353,27.33468135,37.7,510.72,3.77
Premonsoon,Unprotected,point23,2.67,53.33,31.67,100,2,0,2,1,32.9,38.2,1.2073,31.64085149,27.3,305.62,2.73
Premonsoon,Unprotected,point24,4,76.67,21.67,100,0,0,0,0,43.4,34.5,1.6077,21.45922747,34.4,301.95,3.44
Premonsoon,Unprotected,point25,1.67,30,47,98.67,0,2,2,0,27,27.3,0.90381,30.20546354,23.3,1117.4,2.33
Premonsoon,Unprotected,point26,2,78.33,35,100,0,0,0,1,39.2,37.3,2.1952,16.99161808,27.5,1564.28,2.75
Premonsoon,Unprotected,point27,6.67,68.33,25,100,1,1,2,2,31.4,34.4,1.7551,19.60002279,26.7,185.68,2.67
Premonsoon,Unprotected,point28,1.33,43.33,21.67,100,1,3,4,0,0,NA,NA,NA,0,1068.75,0
Premonsoon,Unprotected,point29,1.67,86.67,26.67,100,2,0,2,0,48.4,34.8,2.5705,13.53822214,26.3,939.9,2.63
Premonsoon,Unprotected,point30,3.67,80,21.67,98.33,2,1,3,0,30.6,35.7,2.5646,13.92029946,23.7,266.73,2.37
Premonsoon,Unprotected,point31,3.67,73.33,26.67,95,6,0,6,1,37.2,35.2,1.7504,20.10968921,26.6,2059.92,2.66
Premonsoon,Unprotected,point32,4.33,63.33,26.67,96.67,0,2,2,4,43.6,32.9,1.906,17.26128017,31.3,118.48,3.13
Premonsoon,Unprotected,point33,1.5,90,30,92.5,1,0,1,0,43.5,36.3,1.6226,22.37150253,29.9,173.51,2.99
Premonsoon,Unprotected,point35,1.67,68.33,30,100,2,1,3,0,27,30.3,1.99725,15.17085993,22.5,1215.56,2.25
Premonsoon,Unprotected,point36,4.67,50,15,97.67,0,0,0,0,71.2,36.8,1.8005,20.43876701,35,255.54,3.5
Premonsoon,Unprotected,point38,3,71.67,28.33,100,4,0,4,4,24.3,37.3,2.1818,17.0959758,22.6,994.49,2.26
Monsoon,Protected,point3,27.33,100,50,86.67,0,0,0,2,183.5,38.8,1.0979,35.34019492,85.2,-169.47,8.52
Monsoon,Protected,point4,14,100,48.33,63.33,0,0,0,0,85,39.1,1.2131,32.23147309,43.3,-44.25,4.33
Monsoon,Protected,point5,9.33,100,53.33,100,0,0,0,3,76.9,38.4,1.6841,22.80149635,40.1,-301.46,4.01
Monsoon,Protected,point6,13.33,100,75,78.33,0,0,0,3,126.5,40.3,1.2674,31.79738046,59.3,-143.81,5.93
Monsoon,Protected,point7,10.5,100,47.5,98,0,0,0,3,146.4,38.9,1.5413,25.23843509,67.3,-208.74,6.73
Monsoon,Protected,point8,34.67,100,58.33,68.33,0,0,0,1,114.7,36.55,1.9293,18.94469497,53.2,-82.01,5.32
Monsoon,Protected,point9,33.33,100,66.67,94.33,0,0,0,0,197.1,39.25,1.1961,32.81498202,78,-31.08,7.8
Monsoon,Protected,point10,53.67,100,75,93.33,0,0,0,0,258,NA,NA,NA,110.8,-5.73,11.08
Monsoon,Protected,point12,52.5,76.67,88.33,96.33,0,0,0,0,263.2,32.1,0.77347,41.50128641,48.3,-64.53,4.83
Monsoon,Protected,point13,6.33,100,70,98.33,0,0,0,3,101.6,38.1,1.4501,26.27405007,57.9,-164.5,5.79
Monsoon,Protected,point14,24,100,71.67,75,0,0,0,1,117.1,40.4,1.2294,32.86155848,58.2,-27.84,5.82
Monsoon,Protected,point15,9,100,93.33,96.67,0,0,0,2,74.8,36.55,1.9293,18.94469497,40.6,-201.34,4.06
Monsoon,Protected,point17,24,100,56.67,73.33,0,0,0,0,106.1,41,0.80669,50.82497614,106.1,-57.06,10.61
Monsoon,Protected,point18,60.67,86.67,65,100,0,0,0,0,72.3,35.5,1.5849,22.39888952,14.3,-144.16,1.43
Monsoon,Protected,point19,9,100,61.67,100,0,0,0,4,126.4,41.5,2.8767,14.4262523,61.9,-119.03,6.19
Monsoon,Protected,point20,16.67,100,50,100,0,0,0,2,148.6,42.4,1.3775,30.78039927,83,-254.87,8.3
Monsoon,Unprotected,point21,43.33,100,56.67,91,3,0,3,0,67.6,42.8,0.77804,55.01002519,47.2,342.64,4.72
Monsoon,Unprotected,point22,27.67,100,46.67,100,0,5,4,0,154.3,41.3,0.97706,42.26966614,80.2,510.72,8.02
Monsoon,Unprotected,point23,20.33,100,70,100,1,1,2,0,186.5,42.1,0.98689,42.65926294,82.9,305.62,8.29
Monsoon,Unprotected,point24,9.67,100,38.33,100,1,1,2,0,104.3,39.7,2.1557,18.41629169,48.8,301.95,4.88
Monsoon,Unprotected,point27,5.33,100,26.67,96.67,0,1,1,1,94.8,37.5,2.57715,14.55095745,42,185.68,4.2
Monsoon,Unprotected,point31,9.33,96.67,31.67,90,0,0,7,0,78.7,33.9,1.8412,18.41190528,36.1,2059.92,3.61
Monsoon,Unprotected,point32,14.33,100,66.67,98.33,1,0,1,1,351.9,37.5,1.7604,21.30197682,52,118.48,5.2
Monsoon,Unprotected,point33,4,100,75,97.5,2,0,2,1,150.4,38.8,1.3446,28.8561654,73.9,173.51,7.39
Monsoon,Unprotected,point34,9,100,71.67,100,1,6,6,0,78.5,39.6,1.7224,22.9911751,43.8,2060.71,4.38
Monsoon,Unprotected,point38,17.67,100,36.67,100,4,0,4,0,97.9,39.6,1.6064,24.65139442,50.4,994.49,5.04
Postmonsoon,Protected,point1,74.67,96,94.33,95,3,0,5,0,601.9,39.95,1.0957,36.46071005,351.8,-17.08,35.18
Postmonsoon,Protected,point3,48.67,78.33,72.33,58.33,0,0,0,5,350.7,NA,NA,NA,193.9,-169.47,19.39
Postmonsoon,Protected,point6,53.33,93.33,78.33,86.67,0,0,0,2,345.6,40.1,0.721405,55.58597459,216.8,-143.81,21.68
Postmonsoon,Protected,point7,32.67,48.33,21.67,100,0,0,0,3,148.7,NA,NA,NA,85.1,-208.74,8.51
Postmonsoon,Protected,point8,86.33,31.67,38.33,88.33,0,0,0,1,350.9,NA,NA,NA,271.4,-82.01,27.14
Postmonsoon,Protected,point9,81.33,63.33,67.67,100,0,0,0,0,403.6,NA,NA,NA,306.8,-31.08,30.68
Postmonsoon,Protected,point10,53.67,100,43.33,91,0,0,0,0,97.5,38.3,0.81932,46.74608212,50.1,-5.73,5.01
Postmonsoon,Protected,point12,100.33,76.67,60,91.67,0,0,0,0,371.6,41.1,1.13335,36.26417259,197.8,-64.53,19.78
Postmonsoon,Protected,point13,31.67,50.33,48.33,100,0,0,0,2,179.1,41.5,0.807735,51.37823667,128.4,-164.5,12.84
Postmonsoon,Protected,point14,70.33,95,65,83.33,0,0,0,4,314.9,41.25,1.11345,37.04701603,200.4,-27.84,20.04
Postmonsoon,Protected,point15,50.33,63.33,33.33,76.67,0,0,0,5,119.1,41.6,1.0559,39.39767023,85.4,-201.34,8.54
Postmonsoon,Protected,point16,87,92.5,75,95,0,0,0,0,267,39.4,1.70025,23.17306278,187.6,-12.17,18.76
Postmonsoon,Protected,point19,19.33,0.67,56.67,100,0,0,0,1,43,40.5,1.1172,36.25134264,42,-119.03,4.2
Postmonsoon,Protected,point20,25.33,8.67,51.67,100,0,0,0,3,126.6,40.75,1.6747,24.33271631,101.2,-254.87,10.12
Postmonsoon,Unprotected,point21,30,100,41.67,87.67,0,0,0,0,134.9,38.35,1.49765,25.60678396,70.7,342.64,7.07
Postmonsoon,Unprotected,point22,27.67,100,35,100,1,0,1,0,67.3,NA,NA,NA,40.1,510.72,4.01
Postmonsoon,Unprotected,point23,22,100,53.33,100,2,2,5,0,160.5,39.7,0.97165,40.85833376,73.9,305.62,7.39
Postmonsoon,Unprotected,point24,12.33,100,36.67,100,0,2,2,0,119,40.6,1.5626,25.98233713,63.1,301.95,6.31
Postmonsoon,Unprotected,point25,22.67,36.67,75,95,9,0,7,0,150.8,39.6,1.0951,36.16108118,105,1117.4,10.5
Postmonsoon,Unprotected,point26,24,45,45,100,4,3,6,0,90.7,40.2,1.3127,30.62390493,62.1,1564.28,6.21
Postmonsoon,Unprotected,point27,27.67,81.67,88.33,96.67,1,2,3,0,214.5,39.6,1.36675,28.97384306,131.3,185.68,13.13
Postmonsoon,Unprotected,point28,17,45,52.5,90,0,0,4,0,45.9,41.2,1.0495,39.25678895,32.8,1068.75,3.28
Postmonsoon,Unprotected,point29,10.67,100,41.67,100,3,0,1,0,48.7,37.1,1.8178,20.40928595,28.4,939.9,2.84
Postmonsoon,Unprotected,point31,6,63.33,25,96.67,11,5,9,0,103.5,NA,NA,NA,53.3,2059.92,5.33
Postmonsoon,Unprotected,point32,14.33,100,66.67,96,1,2,3,0,122.8,38.9,1.7384,22.3768983,60.5,118.48,6.05
Postmonsoon,Unprotected,point33,84.5,65,80,100,2,0,2,0,232,39.15,1.1148,35.11840689,159.2,173.51,15.92
Postmonsoon,Unprotected,point35,41.67,28.33,73.33,100,7,0,5,0,132.1,43,1.0705,40.16814573,103,1215.56,10.3
Postmonsoon,Unprotected,point38,19,100,39,100,0,0,0,0,67.4,39.7,2.005,19.80049875,34.2,994.49,3.42
Summer,Protected,point1,37.5,0,60,90,2,0,1,0,45.7,37.45,0.66018,56.72695326,45.7,-17.08,4.57
Summer,Protected,point2,55.33,0,48.33,95,0,0,0,3,92.9,30.85,0.37436,82.40730847,92.9,-91.92,9.29
Summer,Protected,point3,71.33,0,43.33,71.67,0,0,0,3,92.5,33.45,0.446195,74.96722285,92.5,-169.47,9.25
Summer,Protected,point4,59.33,0,40,76.67,0,0,0,2,48.3,39.4,0.455505,86.49740398,48.3,-44.25,4.83
Summer,Protected,point5,30.67,0,21.67,96.67,0,0,0,3,88.9,37.55,0.518275,72.45188365,88.9,-301.46,8.89
Summer,Protected,point6,29.67,0,26.67,88.33,0,0,0,1,54.9,38.45,0.457485,84.04647147,54.9,-143.81,5.49
Summer,Protected,point7,27.33,0,65,100,0,0,0,3,83.5,37.65,0.626645,60.08186453,83.5,-208.74,8.35
Summer,Protected,point8,60.67,0,38.33,95,0,0,0,0,100.3,35.4,0.98107,36.08305218,100.3,-82.01,10.03
Summer,Protected,point9,99,0,87.5,85,0,0,0,0,113.3,36.3,0.629895,57.62865239,113.3,-31.08,11.33
Summer,Protected,point10,50,0,62.5,90,1,0,0,1,NA,NA,NA,NA,0,-5.73,0
Summer,Protected,point11,58.33,0,55,81.67,0,0,0,1,144.8,38.2,0.484825,78.79131645,144.8,-204.84,14.48
Summer,Protected,point12,88,0,46.67,95,0,0,0,0,123.7,34.7,0.68913,50.35334407,123.7,-64.53,12.37
Summer,Protected,point13,20.67,0,31.67,98.33,0,0,0,1,53,38.5,0.4307,89.38936615,53,-164.5,5.3
Summer,Protected,point14,32.33,0,61.67,92.67,0,0,0,3,89.1,40.53333333,0.526996667,76.91383247,89.1,-27.84,8.91
Summer,Protected,point15,37.33,0,40,86.67,0,0,0,2,54.9,38.95,0.60045,64.86801565,54.9,-201.34,5.49
Summer,Protected,point16,48,0,80,90,0,0,0,3,120.8,38.05,0.60942,62.43641495,120.8,-12.17,12.08
Summer,Protected,point17,78.33,0,43.33,78.33,0,0,0,0,196.2,33.5,0.53263,62.89544337,196.2,-57.06,19.62
Summer,Protected,point18,75.67,0,30,100,0,0,0,3,35.2,33.8,0.71435,47.31574158,35.2,-144.16,3.52
Summer,Protected,point19,43.67,0,40,96.67,0,0,0,5,29.7,38.7,0.58711,65.91609749,29.7,-119.03,2.97
Summer,Protected,point20,13,0,37.5,100,0,0,0,3,38.7,NA,NA,NA,38.7,-254.87,3.87
Summer,Unprotected,point21,24.33,0,26.67,85,1,2,2,0,20,39.5,0.6152,64.20676203,20,342.64,2
Summer,Unprotected,point22,11.67,0,33.33,100,2,1,3,1,36.7,21.6,0.54441,39.6759795,36.7,510.72,3.67
Summer,Unprotected,point23,9.33,0,41.67,100,2,0,3,1,NA,21.85,0.531925,41.07721953,0,305.62,0
Summer,Unprotected,point24,9,0,28.33,100,4,3,6,1,30.9,35.4,0.54513,64.93863849,30.9,301.95,3.09
Summer,Unprotected,point25,1.33,0,11.67,96.67,9,0,6,1,NA,NA,NA,NA,0,1117.4,0
Summer,Unprotected,point26,7.33,2.33,48.33,100,1,2,3,2,28.3,21.85,0.75957,28.76627566,28.3,1564.28,2.83
Summer,Unprotected,point27,15,0,51.67,95,2,1,2,4,35.8,35.45,0.6632,53.45295537,35.8,185.68,3.58
Summer,Unprotected,point28,18.5,0,37.5,100,4,0,4,1,NA,NA,NA,NA,0,1068.75,0
Summer,Unprotected,point30,10.33,0,40,98.33,2,3,5,0,28.3,38.9,0.5884,66.11148878,28.3,266.73,2.83
Summer,Unprotected,point31,5.33,2.33,23.33,83.33,2,1,3,1,25.5,27.1,0.54016,50.17031991,25.5,2059.92,2.55
Summer,Unprotected,point32,6.33,0,13.33,96.67,9,0,8,1,25.7,36.8,0.44134,83.38242625,25.7,118.48,2.57
Summer,Unprotected,point33,15.33,0.67,36.67,96.67,1,3,4,0,30.4,28.5,0.43793,65.07889389,30.4,173.51,3.04
Summer,Unprotected,point34,8.67,2.33,43.33,100,1,2,3,2,24.7,26.4,0.63451,41.60690927,24.7,2060.71,2.47
Summer,Unprotected,point35,10.33,7.33,46.67,99.33,1,4,5,2,35,20.4,0.524665,38.88195325,35,1215.56,3.5
Summer,Unprotected,point36,3.67,0,13.33,96,3,1,4,0,29.9,23.5,0.57029,41.20710516,29.9,255.54,2.99
Summer,Unprotected,point38,18,8.33,36.67,99.33,5,1,5,2,23.9,16,0.511195,31.29921067,23.9,994.49,2.39
Monsoon,Protected,point1,5,100,50,73.33333333,0,0,0,0,48.7,39.25,2.88015,13.62776244,26.4,-17.08,2.64
Monsoon,Protected,point3,19,100,36.66666667,43.66666667,0,0,0,5,151,37.8,0.63812,59.23650724,73,-169.47,7.3
Monsoon,Protected,point4,5,100,71.66666667,31.66666667,0,0,0,5,43,NA,NA,NA,27.4,-44.25,2.74
Monsoon,Protected,point5,3,100,51.66666667,93.33333333,0,0,0,6,54,38.6,1.0193,37.86912587,31.3,-301.46,3.13
Monsoon,Protected,point6,3.666666667,100,70,71.66666667,0,0,0,5,42.6,40.1,1.0433,38.43573277,28.8,-143.81,2.88
Monsoon,Protected,point7,3.333333333,100,25,100,0,0,0,3,95.6,NA,NA,NA,30.7,-208.74,3.07
Monsoon,Protected,point8,37,100,60,70,0,0,0,6,51.2,41.3,2.5065,16.47715939,32.3,-82.01,3.23
Monsoon,Protected,point9,6.166666667,100,78.33333333,85,0,0,0,4,47,40.8,1.1406,35.77064703,32.1,-31.08,3.21
Monsoon,Protected,point10,5.666666667,100,41.66666667,86.66666667,2,0,2,2,37.1,36.8,1.3061,28.17548427,26.9,-5.73,2.69
Monsoon,Protected,point11,5.333333333,100,30,90,0,0,0,4,24.5,40,2.30455,17.35696774,19.2,-204.84,1.92
Monsoon,Protected,point12,62.33333333,76.66666667,65,83.33333333,0,0,0,0,122.3,43,0.5942,72.36620666,102.3,-64.53,10.23
Monsoon,Protected,point13,12,100,56.66666667,85,0,0,0,5,56.3,36.4,1.6432,22.15189873,33.8,-164.5,3.38
Monsoon,Protected,point14,7,100,71.66666667,68.33333333,0,0,0,5,50.3,37.85,1.014525,37.30809985,31.6,-27.84,3.16
Monsoon,Protected,point15,4.333333333,100,58.33333333,86.66666667,0,0,0,3,49.7,37.75,1.63325,23.11342415,30.1,-201.34,3.01
Monsoon,Protected,point16,26.5,100,60,90,2,0,2,1,52.9,40.2,1.1384,35.31271961,32.9,-12.17,3.29
Monsoon,Protected,point17,28,100,70,65,0,0,0,0,210,38.6,1.1448,33.71767994,96.7,-57.06,9.67
Monsoon,Protected,point18,41,100,83.33333333,100,0,0,0,0,114.3,39.3,1.4063,27.94567304,52.2,-144.16,5.22
Monsoon,Protected,point19,5.333333333,100,38.33333333,100,0,0,0,4,31.9,39.4,1.337,29.46896036,24.9,-119.03,2.49
Monsoon,Protected,point20,11,100,58.33333333,100,0,0,0,6,59.3,33.2,1.5803,21.00866924,37.1,-254.87,3.71
Monsoon,Unprotected,point21,15.33333333,100,20,80,3,0,3,0,57.2,36,1.8154,19.83034042,32.7,342.64,3.27
Monsoon,Unprotected,point22,2,100,41.66666667,100,3,0,3,0,37.3,39.5,1.9215,20.55685662,26,510.72,2.6
Monsoon,Unprotected,point23,2.333333333,100,24,100,4,0,4,5,32.5,33.2,2.0305,16.35065255,24.5,305.62,2.45
Monsoon,Unprotected,point24,2.666666667,100,23.33333333,100,3,0,3,2,39.1,39.1,2.0129,19.42471062,27.7,301.95,2.77
Monsoon,Unprotected,point25,3.333333333,100,60,83.33333333,2,1,3,4,30.6,40.1,1.8925,21.18890357,25.3,1117.4,2.53
Monsoon,Unprotected,point26,2,100,26.66666667,100,6,5,9,2,49.2,35.4,2.69,13.1598513,28.8,1564.28,2.88
Monsoon,Unprotected,point27,2.666666667,100,40,95,7,0,5,4,34.2,36.4,2.35595,15.450243,26.6,185.68,2.66
Monsoon,Unprotected,point28,1.666666667,100,18.33333333,100,0,6,5,3,35.2,39.8,1.7403,22.86962018,21.2,1068.75,2.12
Monsoon,Unprotected,point30,5,100,48.33333333,100,0,6,4,0,37.2,37.5,2.4177,15.51060926,24.8,266.73,2.48
Monsoon,Unprotected,point31,2.666666667,70,21.66666667,81.66666667,7,1,6,3,32.9,36.6,2.2585,16.20544609,24.6,2059.92,2.46
Monsoon,Unprotected,point32,2.666666667,100,18.33333333,85.33333333,3,1,4,1,28.1,37.1,2.644,14.03177005,17.4,118.48,1.74
Monsoon,Unprotected,point33,2,100,37.5,99,5,0,3,0,42,35.15,1.58875,22.12431157,27.8,173.51,2.78
Monsoon,Unprotected,point34,2,100,33.33333333,100,6,3,7,0,43.8,37.8,2.00775,18.8270452,28.6,2060.71,2.86
Monsoon,Unprotected,point35,2.333333333,100,25,100,9,3,8,0,27.7,40.2,2.7686,14.51997399,22.5,1215.56,2.25
Monsoon,Unprotected,point36,2,100,16.66666667,96.66666667,8,0,5,0,27.2,31.4,1.83895,17.07496126,20.9,255.54,2.09
Monsoon,Unprotected,point38,2.666666667,100,28.33333333,100,5,2,6,2,46,25.7,3.8562,6.664592085,24.2,994.49,2.42