TOWN,PLOT,local_urban,landscape_urban,Id,Date,CTsize,EfSurface,Mesh,Eggs
Aalst,2,low_urban,high_urban,485,18/09/2014,0.453601436,844.9077822,0.29,NA
Aalst,2,low_urban,high_urban,486,18/09/2014,0.473672296,1411.454747,0.41011236,329
Aalst,2,low_urban,high_urban,482,18/09/2014,0.305077072,243.9132536,0.205882353,361
Aalst,2,low_urban,high_urban,483,18/09/2014,0.469658124,680.5632165,0.492783505,NA
Aalst,2,low_urban,high_urban,477,18/09/2014,0.4014172,524.9287165,0.3,393
Aalst,2,low_urban,high_urban,478,18/09/2014,0.36127548,750.2358876,0.330612245,351
Aalst,2,low_urban,high_urban,484,18/09/2014,0.5017715,1129.70101,0.417808219,384
Aalst,2,low_urban,high_urban,479,18/09/2014,0.409445544,900.7967155,0.368456376,289
Aalst,2,low_urban,high_urban,481,18/09/2014,0.32113376,645.0632196,0.296815287,367
Aalst,2,low_urban,high_urban,480,18/09/2014,0.345218792,432.0004058,0.197883598,NA
Aalst,2,high_urban,high_urban,473,18/09/2014,0.5017715,746.5994941,0.289940828,259
Aalst,2,high_urban,high_urban,474,18/09/2014,0.369303824,707.2196302,0.259574468,288
Aalst,2,high_urban,high_urban,469,18/09/2014,0.433530576,501.209692,0.285,268
Aalst,2,high_urban,high_urban,472,18/09/2014,0.465643952,959.8429495,0.312921348,295
Aalst,2,high_urban,high_urban,471,18/09/2014,0.385360512,679.8249423,0.345255474,326
Aalst,2,high_urban,high_urban,468,18/09/2014,0.477686468,604.269639,0.306521739,263
Aalst,2,high_urban,high_urban,475,18/09/2014,0.413459716,665.2950763,0.246774194,257
Aalst,2,high_urban,high_urban,470,18/09/2014,0.465643952,1090.109089,0.32568306,312
Aalst,2,high_urban,high_urban,467,18/09/2014,0.48170064,618.2418723,0.323913043,302
Aalst,2,high_urban,high_urban,476,18/09/2014,0.42148806,712.5917537,0.231904762,297
Aalst,2,medium_urban,high_urban,458,18/09/2014,0.369303824,415.65627,0.324545455,NA
Aalst,2,medium_urban,high_urban,464,18/09/2014,0.465643952,656.9934177,0.210434783,295
Aalst,2,medium_urban,high_urban,466,18/09/2014,0.465643952,1191.606094,0.270042194,327
Aalst,2,medium_urban,high_urban,462,18/09/2014,0.4014172,522.6353539,0.233142857,298
Aalst,2,medium_urban,high_urban,465,18/09/2014,0.353247136,534.4006183,0.282191781,331
Aalst,2,medium_urban,high_urban,457,18/09/2014,0.44155892,1104.489729,0.36547619,NA
Aalst,2,medium_urban,high_urban,460,18/09/2014,0.433530576,536.8510606,0.25,279
Aalst,2,medium_urban,high_urban,461,18/09/2014,0.385360512,968.4116434,0.314516129,303
Aalst,2,medium_urban,high_urban,459,18/09/2014,0.429516404,638.3245033,0.325170068,311
Aalst,2,medium_urban,high_urban,463,18/09/2014,0.413459716,738.7926364,0.267368421,NA
Antwerpen,10,low_urban,high_urban,154,4/9/14,0.369303824,380.6981978,0.376666667,NA
Antwerpen,10,low_urban,high_urban,155,4/9/14,0.389374684,346.9732006,0.255371901,NA
Antwerpen,10,low_urban,high_urban,156,4/9/14,0.293034556,390.421427,0.205617978,NA
Antwerpen,10,low_urban,high_urban,157,4/9/14,0.433530576,265.4253093,0.270873786,NA
Antwerpen,10,low_urban,high_urban,158,4/9/14,0.317119588,614.8096823,0.282716049,NA
Antwerpen,10,low_urban,high_urban,159,4/9/14,0.449587264,582.8361231,0.185654008,NA
Antwerpen,10,low_urban,high_urban,160,4/9/14,0.337190448,283.7172325,0.2,NA
Antwerpen,10,low_urban,high_urban,161,4/9/14,0.55194865,586.6060343,0.360169492,NA
Antwerpen,10,low_urban,high_urban,162,4/9/14,0.44155892,714.0997181,0.286227545,NA
Antwerpen,10,low_urban,high_urban,163,4/9/14,0.526860075,466.4401153,0.236875,NA
Antwerpen,10,high_urban,high_urban,164,4/9/14,0.535222933,221.8671272,0.252688172,NA
Antwerpen,10,high_urban,high_urban,165,4/9/14,0.526860075,1053.454557,0.426470588,NA
Antwerpen,10,high_urban,high_urban,166,4/9/14,0.425502232,502.7647803,0.227745665,NA
Antwerpen,10,high_urban,high_urban,167,4/9/14,0.417473888,526.012566,0.233714286,NA
Antwerpen,10,high_urban,high_urban,168,4/9/14,0.34120462,320.0418976,0.303030303,NA
Antwerpen,10,high_urban,high_urban,169,4/9/14,0.276977868,456.9682134,0.215642458,NA
Antwerpen,10,high_urban,high_urban,170,4/9/14,0.48170064,1164.431317,0.375757576,NA
Antwerpen,10,high_urban,high_urban,171,4/9/14,0.433530576,737.8423046,0.279005525,NA
Antwerpen,10,high_urban,high_urban,172,4/9/14,0.3010629,848.0650829,0.287301587,NA
Antwerpen,10,high_urban,high_urban,173,4/9/14,0.417473888,701.5019316,0.394262295,NA
Antwerpen,10,high_urban,high_urban,174,4/9/14,0.218772374,641.3639942,0.237128713,NA
Antwerpen,10,medium_urban,high_urban,175,4/9/14,0.48170064,460.9423281,0.378350515,NA
Antwerpen,10,medium_urban,high_urban,176,4/9/14,0.425502232,686.6500523,0.349253731,NA
Antwerpen,10,medium_urban,high_urban,177,4/9/14,0.429516404,365.3593716,0.241984733,NA
Antwerpen,10,medium_urban,high_urban,178,4/9/14,0.44155892,454.9261782,0.23961039,NA
Antwerpen,10,medium_urban,high_urban,179,4/9/14,0.449587264,494.5338076,0.371,NA
Antwerpen,10,medium_urban,high_urban,180,4/9/14,0.42148806,599.4158783,0.374336283,NA
Antwerpen,10,medium_urban,high_urban,181,4/9/14,0.473672296,334.8702149,0.266956522,NA
Antwerpen,10,medium_urban,high_urban,182,4/9/14,0.377332168,593.564662,0.327819549,NA
Antwerpen,10,medium_urban,high_urban,183,4/9/14,0.425502232,238.603962,0.307317073,NA
Antwerpen,10,medium_urban,high_urban,184,4/9/14,0.465643952,549.8101303,0.324409449,NA
Atembeke,9,low_urban,low_urban,533,23/09/2014,0.409445544,588.9308128,0.284459459,NA
Atembeke,9,low_urban,low_urban,534,23/09/2014,0.48170064,651.4092367,0.40462963,406
Atembeke,9,low_urban,low_urban,538,23/09/2014,0.5017715,339.4490862,0.319148936,NA
Atembeke,9,low_urban,low_urban,535,23/09/2014,0.309091244,334.9409008,0.26446281,356
Atembeke,9,low_urban,low_urban,536,23/09/2014,0.325147932,435.9745205,0.352884615,377
Atembeke,9,low_urban,low_urban,537,23/09/2014,0.485045783,289.1207719,0.264423077,396
Atembeke,9,low_urban,low_urban,542,23/09/2014,0.313105416,297.1632491,0.237704918,356
Atembeke,9,low_urban,low_urban,539,23/09/2014,0.409445544,230.3415734,0.252688172,NA
Atembeke,9,low_urban,low_urban,540,23/09/2014,0.425502232,369.6397916,0.268253968,NA
Atembeke,9,low_urban,low_urban,541,23/09/2014,0.42148806,660.7868908,0.455238095,384
Atembeke,9,high_urban,low_urban,513,23/09/2014,0.36127548,464.5315977,0.338053097,NA
Atembeke,9,high_urban,low_urban,514,23/09/2014,0.349232964,590.4466313,0.222596154,300
Atembeke,9,high_urban,low_urban,515,23/09/2014,0.333176276,466.0552702,0.315702479,338
Atembeke,9,high_urban,low_urban,516,23/09/2014,0.373317996,499.9844708,0.262068966,287
Atembeke,9,high_urban,low_urban,517,23/09/2014,0.285006212,396.4689929,0.242105263,318
Atembeke,9,high_urban,low_urban,521,23/09/2014,0.38134634,417.8239689,0.38172043,NA
Atembeke,9,high_urban,low_urban,518,23/09/2014,0.453601436,731.1742742,0.408403361,NA
Atembeke,9,high_urban,low_urban,519,23/09/2014,0.353247136,445.9412232,0.335779817,288
Atembeke,9,high_urban,low_urban,520,23/09/2014,0.36127548,429.8405608,0.383870968,327
Atembeke,9,high_urban,low_urban,522,23/09/2014,0.317119588,355.2670052,0.340625,279
Atembeke,9,medium_urban,low_urban,528,23/09/2014,0.409445544,602.5888869,0.420952381,NA
Atembeke,9,medium_urban,low_urban,530,23/09/2014,0.5017715,418.9078184,0.326470588,NA
Atembeke,9,medium_urban,low_urban,531,23/09/2014,0.5017715,399.6498554,0.201818182,NA
Atembeke,9,medium_urban,low_urban,532,23/09/2014,0.510134358,471.9928803,0.235502959,352
Atembeke,9,medium_urban,low_urban,529,23/09/2014,0.510134358,907.0877548,0.381560284,342
Atembeke,9,medium_urban,low_urban,523,23/09/2014,0.417473888,648.3933078,0.370491803,NA
Atembeke,9,medium_urban,low_urban,524,23/09/2014,0.5017715,438.5349185,0.311811024,NA
Atembeke,9,medium_urban,low_urban,525,23/09/2014,0.433530576,429.9583706,0.267692308,NA
Atembeke,9,medium_urban,low_urban,526,23/09/2014,0.417473888,739.0753797,0.260714286,NA
Atembeke,9,medium_urban,low_urban,527,23/09/2014,0.345218792,402.6265145,0.230463576,323
Beervelde,5,low_urban,medium_urban,407,16/09/2014,0.337190448,533.4424326,0.231460674,301
Beervelde,5,low_urban,medium_urban,409,16/09/2014,0.429516404,818.1492668,0.305202312,296
Beervelde,5,low_urban,medium_urban,410,16/09/2014,0.445573092,1038.492722,0.334482759,419
Beervelde,5,low_urban,medium_urban,412,16/09/2014,0.469658124,885.4814514,0.36875,366
Beervelde,5,low_urban,medium_urban,416,16/09/2014,0.369303824,1044.076902,0.285714286,308
Beervelde,5,low_urban,medium_urban,413,16/09/2014,0.429516404,723.6737217,0.412396694,389
Beervelde,5,low_urban,medium_urban,414,16/09/2014,0.389374684,1237.708966,0.435185185,317
Beervelde,5,low_urban,medium_urban,411,16/09/2014,0.469658124,795.3727201,0.320261438,362
Beervelde,5,low_urban,medium_urban,408,16/09/2014,0.409445544,491.6199804,0.303968254,325
Beervelde,5,low_urban,medium_urban,415,16/09/2014,0.48170064,1079.702563,0.424031008,NA
Beervelde,5,high_urban,medium_urban,419,16/09/2014,0.437544748,673.973726,0.353543307,292
Beervelde,5,high_urban,medium_urban,420,16/09/2014,0.48170064,1780.474074,0.541447368,NA
Beervelde,5,high_urban,medium_urban,417,16/09/2014,0.333176276,713.6127713,0.353571429,281
Beervelde,5,high_urban,medium_urban,418,16/09/2014,0.413459716,858.0867634,0.355704698,277
Beervelde,5,high_urban,medium_urban,422,16/09/2014,0.385360512,494.9579226,0.34957265,269
Beervelde,5,high_urban,medium_urban,423,16/09/2014,0.373317996,432.5423305,0.221428571,286
Beervelde,5,high_urban,medium_urban,424,16/09/2014,0.317119588,1018.064515,0.240963855,237
Beervelde,5,high_urban,medium_urban,421,16/09/2014,0.42148806,690.4592334,0.339849624,298
Beervelde,5,high_urban,medium_urban,426,16/09/2014,0.42148806,746.3717287,0.319594595,NA
Beervelde,5,high_urban,medium_urban,425,16/09/2014,0.38134634,721.3410892,0.311875,NA
Beervelde,5,medium_urban,medium_urban,397,16/09/2014,0.417473888,736.7427472,0.370895522,339
Beervelde,5,medium_urban,medium_urban,398,16/09/2014,0.405431372,902.9408525,0.29197861,329
Beervelde,5,medium_urban,medium_urban,400,16/09/2014,0.389374684,1105.408645,0.302955665,413
Beervelde,5,medium_urban,medium_urban,404,16/09/2014,0.48170064,1406.742358,0.423312883,NA
Beervelde,5,medium_urban,medium_urban,402,16/09/2014,0.4014172,888.2696148,0.267804878,276
Beervelde,5,medium_urban,medium_urban,403,16/09/2014,0.417473888,1061.284976,0.352325581,342
Beervelde,5,medium_urban,medium_urban,399,16/09/2014,0.437544748,764.0117714,0.313461538,288
Beervelde,5,medium_urban,medium_urban,405,16/09/2014,0.473672296,631.5857871,0.316666667,NA
Beervelde,5,medium_urban,medium_urban,401,16/09/2014,0.429516404,1474.011711,0.367692308,322
Beervelde,5,medium_urban,medium_urban,406,16/09/2014,0.465643952,761.8205105,0.32516129,NA
Bellem,4,low_urban,medium_urban,329,11/9/14,0.5017715,665.6956293,0.333823529,NA
Bellem,4,low_urban,medium_urban,330,11/9/14,0.445573092,349.1801695,0.309708738,NA
Bellem,4,low_urban,medium_urban,327,11/9/14,0.55194865,1118.485524,0.465909091,NA
Bellem,4,low_urban,medium_urban,328,11/9/14,0.449587264,651.4249447,0.345925926,427
Bellem,4,low_urban,medium_urban,332,11/9/14,0.385360512,897.168176,0.445299145,294
Bellem,4,low_urban,medium_urban,333,11/9/14,0.373317996,275.0699988,0.248148148,386
Bellem,4,low_urban,medium_urban,334,11/9/14,0.518497217,626.6142167,0.35511811,NA
Bellem,4,low_urban,medium_urban,331,11/9/14,0.429516404,897.7729326,0.30726257,396
Bellem,4,low_urban,medium_urban,336,11/9/14,0.465643952,817.0025855,0.376811594,298
Bellem,4,low_urban,medium_urban,335,11/9/14,0.36127548,415.255717,0.195428571,NA
Bellem,4,high_urban,medium_urban,321,11/9/14,0.473672296,327.58172,0.246666667,288
Bellem,4,high_urban,medium_urban,317,11/9/14,0.409445544,907.5432858,0.291282051,319
Bellem,4,high_urban,medium_urban,319,11/9/14,0.369303824,489.632923,0.223863636,217
Bellem,4,high_urban,medium_urban,320,11/9/14,0.38134634,486.640556,0.239622642,290
Bellem,4,high_urban,medium_urban,322,11/9/14,0.272963696,354.088908,0.276666667,NA
Bellem,4,high_urban,medium_urban,323,11/9/14,0.377332168,580.4956365,0.199099099,289
Bellem,4,high_urban,medium_urban,318,11/9/14,0.373317996,242.6252006,0.187878788,265
Bellem,4,high_urban,medium_urban,324,11/9/14,0.44155892,941.221159,0.320118343,282
Bellem,4,high_urban,medium_urban,325,11/9/14,0.385360512,627.3760529,0.221428571,NA
Bellem,4,high_urban,medium_urban,326,11/9/14,0.453601436,1760.689895,0.408205128,271
Bellem,4,medium_urban,medium_urban,310,11/9/14,0.465643952,606.1703025,0.311428571,NA
Bellem,4,medium_urban,medium_urban,308,11/9/14,0.445573092,503.2674351,0.277372263,313
Bellem,4,medium_urban,medium_urban,312,11/9/14,0.5017715,685.1185259,0.304458599,299
Bellem,4,medium_urban,medium_urban,313,11/9/14,0.48170064,837.1401944,0.369343066,NA
Bellem,4,medium_urban,medium_urban,311,11/9/14,0.369303824,465.3562658,0.216477273,340
Bellem,4,medium_urban,medium_urban,307,11/9/14,0.405431372,384.2481975,0.325471698,343
Bellem,4,medium_urban,medium_urban,309,11/9/14,0.473672296,930.0370892,0.390714286,369
Bellem,4,medium_urban,medium_urban,315,11/9/14,0.535222933,406.8833725,0.263909774,NA
Bellem,4,medium_urban,medium_urban,316,11/9/14,0.429516404,912.993949,0.354966887,299
Bellem,4,medium_urban,medium_urban,314,11/9/14,0.357261308,897.8043485,0.360784314,298
Bornem,18,low_urban,low_urban,14,27/08/2014,0.449587264,512.4565937,0.398901099,NA
Bornem,18,low_urban,low_urban,16,27/08/2014,0.48170064,480.9228574,0.357425743,NA
Bornem,18,low_urban,low_urban,17,27/08/2014,0.325147932,505.9220809,0.45952381,NA
Bornem,18,low_urban,low_urban,18,27/08/2014,0.405431372,533.5916582,0.424731183,NA
Bornem,18,low_urban,low_urban,19,27/08/2014,0.377332168,639.4004988,0.387179487,NA
Bornem,18,low_urban,low_urban,20,27/08/2014,0.252892836,458.2562664,0.286153846,NA
Bornem,18,low_urban,low_urban,21,27/08/2014,0.357261308,630.4705217,0.288198758,NA
Bornem,18,low_urban,low_urban,22,27/08/2014,0.23081489,181.31702,0.3875,NA
Bornem,18,high_urban,low_urban,23,27/08/2014,0.196694428,218.3014195,0.220175439,NA
Bornem,18,high_urban,low_urban,24,27/08/2014,0.264935352,122.9933524,0.193814433,NA
Bornem,18,high_urban,low_urban,25,27/08/2014,0.36127548,328.5948836,0.305825243,NA
Bornem,18,high_urban,low_urban,26,27/08/2014,0.32113376,305.1900183,0.2625,NA
Bornem,18,high_urban,low_urban,27,27/08/2014,0.305077072,281.6673433,0.237398374,NA
Bornem,18,high_urban,low_urban,28,27/08/2014,0.3010629,480.5223043,0.318699187,NA
Bornem,18,high_urban,low_urban,29,27/08/2014,0.289020384,346.7061653,0.363636364,NA
Bornem,18,high_urban,low_urban,30,27/08/2014,0.389374684,348.6932226,0.370930233,NA
Bornem,18,high_urban,low_urban,31,27/08/2014,0.409445544,366.6945485,0.373255814,NA
Bornem,18,high_urban,low_urban,32,27/08/2014,0.4014172,345.3081565,0.357954545,NA
Bornem,18,high_urban,low_urban,33,27/08/2014,0.457615608,876.1901911,0.464814815,NA
Bornem,18,medium_urban,low_urban,1,25/08/2014,0.473672296,286.7174535,0.444262295,NA
Bornem,18,medium_urban,low_urban,2,25/08/2014,0.429516404,132.6537498,0.44,NA
Bornem,18,medium_urban,low_urban,5,25/08/2014,0.510134358,485.8944278,0.440740741,NA
Bornem,18,medium_urban,low_urban,6,25/08/2014,0.465643952,638.3166493,0.471276596,NA
Bornem,18,medium_urban,low_urban,7,25/08/2014,0.28099204,130.3446792,0.231764706,NA
Bornem,18,medium_urban,low_urban,8,25/08/2014,0.389374684,81.10021435,0.176388889,NA
Bornem,18,medium_urban,low_urban,9,25/08/2014,0.349232964,265.119004,0.541509434,NA
Bornem,18,medium_urban,low_urban,11,25/08/2014,0.276977868,95.22952731,0.466666667,NA
Bornem,18,medium_urban,low_urban,12,25/08/2014,0.437544748,493.6541616,0.475641026,NA
Brasschaat,13,low_urban,medium_urban,147,3/9/14,0.34120462,546.5428739,0.24502924,NA
Brasschaat,13,low_urban,medium_urban,148,3/9/14,0.437544748,721.1054697,0.296815287,NA
Brasschaat,13,low_urban,medium_urban,149,3/9/14,0.38134634,43.88019539,0.12804878,NA
Brasschaat,13,low_urban,medium_urban,150,3/9/14,0.449587264,311.300416,0.229457364,NA
Brasschaat,13,low_urban,medium_urban,151,3/9/14,0.437544748,607.4740635,0.317985612,NA
Brasschaat,13,low_urban,medium_urban,152,3/9/14,0.469658124,395.4636832,0.272727273,NA
Brasschaat,13,low_urban,medium_urban,153,3/9/14,0.32113376,348.7324925,0.192168675,NA
Brasschaat,13,low_urban,medium_urban,144,3/9/14,0.365289652,312.9733141,0.288349515,NA
Brasschaat,13,low_urban,medium_urban,145,3/9/14,0.38134634,658.540652,0.35,NA
Brasschaat,13,low_urban,medium_urban,146,3/9/14,0.413459716,921.7432846,0.391489362,NA
Brasschaat,13,high_urban,medium_urban,124,3/9/14,0.385360512,394.5683293,0.310091743,NA
Brasschaat,13,high_urban,medium_urban,125,3/9/14,0.417473888,777.4813499,0.297126437,NA
Brasschaat,13,high_urban,medium_urban,126,3/9/14,0.285006212,307.483381,0.233587786,NA
Brasschaat,13,high_urban,medium_urban,127,3/9/14,0.405431372,428.3561583,0.318965517,NA
Brasschaat,13,high_urban,medium_urban,128,3/9/14,0.469658124,726.0220622,0.286206897,NA
Brasschaat,13,high_urban,medium_urban,129,3/9/14,0.42148806,335.9854803,0.127755102,NA
Brasschaat,13,high_urban,medium_urban,130,3/9/14,0.42148806,563.7430937,0.246590909,NA
Brasschaat,13,high_urban,medium_urban,131,3/9/14,0.425502232,606.5787096,0.208108108,NA
Brasschaat,13,high_urban,medium_urban,132,3/9/14,0.305077072,525.0543802,0.32519685,NA
Brasschaat,13,high_urban,medium_urban,133,3/9/14,0.413459716,279.4603745,0.269158879,NA
Brasschaat,13,medium_urban,medium_urban,134,3/9/14,0.305077072,576.6000617,0.281168831,NA
Brasschaat,13,medium_urban,medium_urban,135,3/9/14,0.192680256,349.6278464,0.2125,NA
Brasschaat,13,medium_urban,medium_urban,136,3/9/14,0.162573966,161.6742119,0.217757009,NA
Brasschaat,13,medium_urban,medium_urban,137,3/9/14,0.305077072,349.4314969,0.215436242,NA
Brasschaat,13,medium_urban,medium_urban,138,3/9/14,0.256907008,332.4590426,0.312745098,NA
Brasschaat,13,medium_urban,medium_urban,139,3/9/14,0.365289652,482.9334767,0.304237288,NA
Brasschaat,13,medium_urban,medium_urban,140,3/9/14,0.38134634,536.5840252,0.273333333,NA
Brasschaat,13,medium_urban,medium_urban,141,3/9/14,0.313105416,557.0200854,0.282550336,NA
Brasschaat,13,medium_urban,medium_urban,142,3/9/14,0.369303824,436.4300514,0.245205479,NA
Brasschaat,13,medium_urban,medium_urban,143,3/9/14,0.297048728,295.0426741,0.166666667,NA
Brussel,20,low_urban,high_urban,543,1/10/14,0.4014172,506.8174348,0.306923077,NA
Brussel,20,low_urban,high_urban,544,1/10/14,0.437544748,864.676254,0.351006711,NA
Brussel,20,low_urban,high_urban,545,1/10/14,0.44155892,596.3685334,0.2375,NA
Brussel,20,low_urban,high_urban,546,1/10/14,0.397403028,643.0290383,0.331617647,NA
Brussel,20,low_urban,high_urban,547,1/10/14,0.510134358,1142.989947,0.352513966,NA
Brussel,20,low_urban,high_urban,548,1/10/14,0.46162978,1230.553988,0.361764706,NA
Brussel,20,low_urban,high_urban,549,1/10/14,0.493408642,842.9364328,0.338461538,NA
Brussel,20,low_urban,high_urban,550,1/10/14,0.465643952,1150.561185,0.332446809,NA
Brussel,20,low_urban,high_urban,552,1/10/14,0.5017715,1540.558498,0.418181818,NA
Brussel,20,low_urban,high_urban,551,1/10/14,0.425502232,872.6951693,0.40610687,NA
Brussel,20,high_urban,high_urban,563,1/10/14,0.353247136,601.1516082,0.290410959,NA
Brussel,20,high_urban,high_urban,564,1/10/14,0.389374684,468.7570398,0.324137931,NA
Brussel,20,high_urban,high_urban,565,1/10/14,0.38134634,628.1143272,0.419626168,NA
Brussel,20,high_urban,high_urban,566,1/10/14,0.377332168,1008.144937,0.368152866,NA
Brussel,20,high_urban,high_urban,571,1/10/14,0.208736944,498.9791612,0.25875,NA
Brussel,20,high_urban,high_urban,572,1/10/14,0.293034556,688.5978398,0.321854305,NA
Brussel,20,high_urban,high_urban,570,1/10/14,0.333176276,1294.673894,0.362303665,NA
Brussel,20,high_urban,high_urban,567,1/10/14,0.34120462,831.3910798,0.404,NA
Brussel,20,high_urban,high_urban,568,1/10/14,0.425502232,1784.605269,0.448888889,NA
Brussel,20,high_urban,high_urban,569,1/10/14,0.34120462,941.9987032,0.385333333,NA
Brussel,20,medium_urban,high_urban,553,1/10/14,0.55194865,479.6426584,0.342105263,NA
Brussel,20,medium_urban,high_urban,554,1/10/14,0.42148806,1187.333527,0.55,NA
Brussel,20,medium_urban,high_urban,555,1/10/14,0.465643952,726.7210666,0.425225225,NA
Brussel,20,medium_urban,high_urban,556,1/10/14,0.5017715,529.8767249,0.459302326,NA
Brussel,20,medium_urban,high_urban,557,1/10/14,0.44155892,572.3353496,0.349137931,NA
Brussel,20,medium_urban,high_urban,558,1/10/14,0.465643952,575.6497299,0.309774436,NA
Brussel,20,medium_urban,high_urban,559,1/10/14,0.48170064,892.039526,0.455462185,NA
Brussel,20,medium_urban,high_urban,561,1/10/14,0.493408642,782.0523672,0.469811321,NA
Brussel,20,medium_urban,high_urban,562,1/10/14,0.417473888,897.6943928,0.429770992,NA
Brussel,20,medium_urban,high_urban,560,1/10/14,0.477686468,617.5507219,0.249444444,NA
Gent,1,low_urban,high_urban,350,12/9/14,0.518497217,702.8056925,0.291358025,NA
Gent,1,low_urban,high_urban,351,12/9/14,0.465643952,1449.970673,0.45625,NA
Gent,1,low_urban,high_urban,349,12/9/14,0.5017715,1323.003206,0.481538462,NA
Gent,1,low_urban,high_urban,354,12/9/14,0.493408642,1266.925777,0.388888889,312
Gent,1,low_urban,high_urban,353,12/9/14,0.48170064,820.9609922,0.295348837,348
Gent,1,low_urban,high_urban,347,12/9/14,0.457615608,825.1785804,0.293548387,NA
Gent,1,low_urban,high_urban,356,12/9/14,0.493408642,1071.950683,0.448920863,NA
Gent,1,low_urban,high_urban,352,12/9/14,0.535222933,857.6390865,0.276842105,NA
Gent,1,low_urban,high_urban,348,12/9/14,0.48170064,1220.312396,0.393081761,267
Gent,1,low_urban,high_urban,355,12/9/14,0.518497217,1071.157431,0.368789809,NA
Gent,1,high_urban,high_urban,358,12/9/14,0.469658124,283.9842679,0.271287129,253
Gent,1,high_urban,high_urban,362,12/9/14,0.349232964,488.0307108,0.254716981,NA
Gent,1,high_urban,high_urban,364,12/9/14,0.305077072,335.9697724,0.226618705,NA
Gent,1,high_urban,high_urban,357,12/9/14,0.5017715,906.2238169,0.388405797,315
Gent,1,high_urban,high_urban,366,12/9/14,0.429516404,558.8500632,0.313432836,274
Gent,1,high_urban,high_urban,363,12/9/14,0.445573092,398.7073776,0.316346154,301
Gent,1,high_urban,high_urban,361,12/9/14,0.429516404,203.2688987,0.306666667,243
Gent,1,high_urban,high_urban,365,12/9/14,0.535222933,946.1770214,0.330057803,NA
Gent,1,high_urban,high_urban,359,12/9/14,0.417473888,131.279303,0.313559322,227
Gent,1,high_urban,high_urban,360,12/9/14,0.417473888,262.6057299,0.256880734,289
Gent,1,medium_urban,high_urban,343,12/9/14,0.449587264,1454.282509,0.348780488,351
Gent,1,medium_urban,high_urban,344,12/9/14,0.369303824,630.0149908,0.306206897,288
Gent,1,medium_urban,high_urban,345,12/9/14,0.413459716,532.0287159,0.239285714,286
Gent,1,medium_urban,high_urban,337,12/9/14,0.329162104,770.0514833,0.309202454,256
Gent,1,medium_urban,high_urban,340,12/9/14,0.373317996,460.3061556,0.308196721,266
Gent,1,medium_urban,high_urban,342,12/9/14,0.409445544,876.9049034,0.41328125,293
Gent,1,medium_urban,high_urban,339,12/9/14,0.413459716,699.7976176,0.400869565,361
Gent,1,medium_urban,high_urban,346,12/9/14,0.465643952,949.2871982,0.517307692,NA
Gent,1,medium_urban,high_urban,338,12/9/14,0.425502232,1011.514295,0.342222222,NA
Gent,1,medium_urban,high_urban,341,12/9/14,0.493408642,1177.571028,0.452985075,NA
Herenthout,17,low_urban,low_urban,113,2/9/14,0.337190448,673.9972879,0.308609272,NA
Herenthout,17,low_urban,low_urban,104,2/9/14,0.377332168,496.3088074,0.241104294,NA
Herenthout,17,low_urban,low_urban,105,2/9/14,0.38134634,431.7176625,0.395,NA
Herenthout,17,low_urban,low_urban,106,2/9/14,0.337190448,195.5013108,0.165413534,NA
Herenthout,17,low_urban,low_urban,107,2/9/14,0.34120462,568.74608,0.32481203,NA
Herenthout,17,low_urban,low_urban,108,2/9/14,0.385360512,542.7494008,0.282068966,NA
Herenthout,17,low_urban,low_urban,109,2/9/14,0.24085032,149.7361599,0.19787234,NA
Herenthout,17,low_urban,low_urban,110,2/9/14,0.325147932,243.5362625,0.236936937,NA
Herenthout,17,low_urban,low_urban,111,2/9/14,0.325147932,596.9104582,0.271341463,NA
Herenthout,17,low_urban,low_urban,112,2/9/14,0.325147932,290.9821656,0.315217391,NA
Herenthout,17,high_urban,low_urban,94,2/9/14,0.305077072,618.5403236,0.264117647,NA
Herenthout,17,high_urban,low_urban,95,2/9/14,0.264935352,123.1190161,0.1390625,NA
Herenthout,17,high_urban,low_urban,96,2/9/14,0.32113376,539.3407728,0.25988024,NA
Herenthout,17,high_urban,low_urban,97,2/9/14,0.393388856,517.9151109,0.263265306,NA
Herenthout,17,high_urban,low_urban,98,2/9/14,0.365289652,479.9018398,0.297692308,NA
Herenthout,17,high_urban,low_urban,99,2/9/14,0.36127548,843.2663001,0.51047619,NA
Herenthout,17,high_urban,low_urban,100,2/9/14,0.297048728,544.1159936,0.297122302,NA
Herenthout,17,high_urban,low_urban,101,2/9/14,0.329162104,423.1254065,0.324786325,NA
Herenthout,17,high_urban,low_urban,102,2/9/14,0.32113376,119.294127,0.174747475,NA
Herenthout,17,high_urban,low_urban,103,2/9/14,0.34120462,197.5983239,0.302666667,NA
Herenthout,17,medium_urban,low_urban,114,2/9/14,0.409445544,118.4144811,0.21025641,NA
Herenthout,17,medium_urban,low_urban,115,2/9/14,0.42148806,630.3762739,0.271764706,NA
Herenthout,17,medium_urban,low_urban,116,2/9/14,0.389374684,662.2555854,0.289506173,NA
Herenthout,17,medium_urban,low_urban,117,2/9/14,0.293034556,153.8516462,0.234444444,NA
Herenthout,17,medium_urban,low_urban,118,2/9/14,0.373317996,261.4433406,0.220472441,NA
Herenthout,17,medium_urban,low_urban,119,2/9/14,0.329162104,295.7259705,0.282524272,NA
Herenthout,17,medium_urban,low_urban,120,2/9/14,0.345218792,348.7796164,0.229452055,NA
Herenthout,17,medium_urban,low_urban,121,2/9/14,0.385360512,175.1045205,0.199074074,NA
Herenthout,17,medium_urban,low_urban,122,2/9/14,0.417473888,345.9835989,0.215686275,NA
Herenthout,17,medium_urban,low_urban,123,2/9/14,0.377332168,422.4813801,0.212650602,NA
Hillegem,6,low_urban,medium_urban,440,17/09/2014,0.405431372,1296.566704,0.395375723,326
Hillegem,6,low_urban,medium_urban,442,17/09/2014,0.473672296,1262.810291,0.338947368,405
Hillegem,6,low_urban,medium_urban,438,17/09/2014,0.457615608,784.2514821,0.371014493,365
Hillegem,6,low_urban,medium_urban,439,17/09/2014,0.425502232,963.7306704,0.263013699,331
Hillegem,6,low_urban,medium_urban,443,17/09/2014,0.526860075,1234.300338,0.407843137,309
Hillegem,6,low_urban,medium_urban,437,17/09/2014,0.5017715,1634.036587,0.3456621,384
Hillegem,6,low_urban,medium_urban,444,17/09/2014,0.449587264,880.1171819,0.40075188,374
Hillegem,6,low_urban,medium_urban,445,17/09/2014,0.357261308,600.6018295,0.332575758,NA
Hillegem,6,low_urban,medium_urban,446,17/09/2014,0.397403028,893.5474905,0.397163121,372
Hillegem,6,low_urban,medium_urban,441,17/09/2014,0.397403028,1136.6832,0.330569948,332
Hillegem,6,high_urban,medium_urban,429,17/09/2014,0.453601436,1427.021339,0.330136986,341
Hillegem,6,high_urban,medium_urban,433,17/09/2014,0.317119588,501.9636742,0.215934066,301
Hillegem,6,high_urban,medium_urban,430,17/09/2014,0.289020384,769.8629877,0.241666667,289
Hillegem,6,high_urban,medium_urban,427,17/09/2014,0.329162104,544.5793785,0.243558282,317
Hillegem,6,high_urban,medium_urban,436,17/09/2014,0.518497217,705.4681923,0.305405405,312
Hillegem,6,high_urban,medium_urban,434,17/09/2014,0.477686468,992.3034556,0.223703704,287
Hillegem,6,high_urban,medium_urban,431,17/09/2014,0.34120462,608.2437537,0.297931034,289
Hillegem,6,high_urban,medium_urban,428,17/09/2014,0.28099204,403.3647888,0.169585253,263
Hillegem,6,high_urban,medium_urban,435,17/09/2014,0.543585792,1081.988072,0.314973262,NA
Hillegem,6,high_urban,medium_urban,432,17/09/2014,0.393388856,826.4430714,0.336477987,304
Hillegem,6,medium_urban,medium_urban,449,17/09/2014,0.297048728,524.7559289,0.247904192,326
Hillegem,6,medium_urban,medium_urban,448,17/09/2014,0.44155892,679.0002742,0.2315,290
Hillegem,6,medium_urban,medium_urban,450,17/09/2014,0.333176276,991.3452698,0.384563758,302
Hillegem,6,medium_urban,medium_urban,452,17/09/2014,0.325147932,776.169735,0.283798883,295
Hillegem,6,medium_urban,medium_urban,456,17/09/2014,0.577037225,1388.309064,0.446405229,NA
Hillegem,6,medium_urban,medium_urban,453,17/09/2014,0.297048728,1077.134311,0.358083832,338
Hillegem,6,medium_urban,medium_urban,447,17/09/2014,0.5017715,532.2564814,0.313636364,NA
Hillegem,6,medium_urban,medium_urban,451,17/09/2014,0.433530576,1570.623539,0.442690058,296
Hillegem,6,medium_urban,medium_urban,455,17/09/2014,0.385360512,1109.853999,0.356497175,NA
Hillegem,6,medium_urban,medium_urban,454,17/09/2014,0.337190448,664.5882179,0.3,299
Kalken,7,low_urban,low_urban,488,22/09/2014,0.325147932,477.8755125,0.299242424,307
Kalken,7,low_urban,low_urban,486b,22/09/2014,0.429516404,689.3832379,0.364516129,NA
Kalken,7,low_urban,low_urban,487,22/09/2014,0.433530576,595.3318079,0.36,NA
Kalken,7,low_urban,low_urban,489,22/09/2014,0.510134358,463.133589,0.380851064,384
Kalken,7,low_urban,low_urban,491,22/09/2014,0.4014172,1184.828107,0.351111111,376
Kalken,7,low_urban,low_urban,492,22/09/2014,0.38134634,882.7168498,0.351333333,336
Kalken,7,low_urban,low_urban,490,22/09/2014,0.409445544,502.3328113,0.271428571,321
Kalken,7,high_urban,low_urban,501,22/09/2014,0.405431372,738.1407559,0.325333333,249
Kalken,7,high_urban,low_urban,502,22/09/2014,0.337190448,834.7918539,0.34527027,307
Kalken,7,high_urban,low_urban,494,22/09/2014,0.48170064,628.2556989,0.332575758,359
Kalken,7,high_urban,low_urban,495,22/09/2014,0.353247136,242.3424573,0.194405594,284
Kalken,7,high_urban,low_urban,493,22/09/2014,0.4014172,359.657381,0.303809524,NA
Kalken,7,high_urban,low_urban,496,22/09/2014,0.417473888,746.6858879,0.28816568,271
Kalken,7,high_urban,low_urban,497,22/09/2014,0.417473888,857.0343299,0.316766467,308
Kalken,7,high_urban,low_urban,498,22/09/2014,0.377332168,383.8869143,0.312380952,286
Kalken,7,high_urban,low_urban,499,22/09/2014,0.36127548,1010.116286,0.334911243,264
Kalken,7,high_urban,low_urban,500,22/09/2014,0.329162104,685.4012692,0.242708333,287
Kalken,7,medium_urban,low_urban,503,22/09/2014,0.5017715,1292.168474,0.427741935,379
Kalken,7,medium_urban,low_urban,504,22/09/2014,0.405431372,375.9308309,0.312745098,NA
Kalken,7,medium_urban,low_urban,505,22/09/2014,0.373317996,551.4908824,0.370247934,303
Kalken,7,medium_urban,low_urban,506,22/09/2014,0.377332168,381.6328216,0.199408284,311
Kalken,7,medium_urban,low_urban,510,22/09/2014,0.389374684,432.5658925,0.226143791,341
Kalken,7,medium_urban,low_urban,507,22/09/2014,0.42148806,533.0418795,0.230337079,330
Kalken,7,medium_urban,low_urban,508,22/09/2014,0.493408642,1381.845237,0.444585987,356
Kalken,7,medium_urban,low_urban,509,22/09/2014,0.409445544,550.1242896,0.262893082,328
Kalken,7,medium_urban,low_urban,511,22/09/2014,0.409445544,742.5782555,0.242079208,356
Kalken,7,medium_urban,low_urban,512,22/09/2014,0.44155892,771.5751557,0.356338028,NA
Kortenberg,23,low_urban,medium_urban,598,4/10/14,0.289020384,532.405707,0.290070922,NA
Kortenberg,23,low_urban,medium_urban,599,4/10/14,0.389374684,1146.304327,0.352873563,NA
Kortenberg,23,low_urban,medium_urban,600,4/10/14,0.34120462,784.282898,0.316363636,NA
Kortenberg,23,low_urban,medium_urban,601,4/10/14,0.373317996,558.473072,0.27125,NA
Kortenberg,23,low_urban,medium_urban,602,4/10/14,0.34120462,1306.282079,0.36,NA
Kortenberg,23,low_urban,medium_urban,593,4/10/14,0.46162978,579.7023844,0.520238095,NA
Kortenberg,23,low_urban,medium_urban,594,4/10/14,0.453601436,555.2372316,0.369298246,NA
Kortenberg,23,low_urban,medium_urban,594b,4/10/14,0.433530576,828.2416332,0.365248227,NA
Kortenberg,23,low_urban,medium_urban,595,4/10/14,0.349232964,1251.728323,0.361827957,NA
Kortenberg,23,low_urban,medium_urban,596,4/10/14,0.28099204,336.2446617,0.282758621,NA
Kortenberg,23,low_urban,medium_urban,597,4/10/14,0.5017715,1447.693019,0.340096618,NA
Kortenberg,23,high_urban,medium_urban,582,4/10/14,0.345218792,888.6701679,0.293877551,NA
Kortenberg,23,high_urban,medium_urban,573,4/10/14,0.417473888,642.5813614,0.304761905,NA
Kortenberg,23,high_urban,medium_urban,574,4/10/14,0.309091244,245.6332756,0.205223881,NA
Kortenberg,23,high_urban,medium_urban,575,4/10/14,0.44155892,561.0334701,0.335294118,NA
Kortenberg,23,high_urban,medium_urban,576,4/10/14,0.264935352,370.3702119,0.265289256,NA
Kortenberg,23,high_urban,medium_urban,577,4/10/14,0.385360512,689.5952954,0.355639098,NA
Kortenberg,23,high_urban,medium_urban,578,4/10/14,0.333176276,332.7260779,0.2512,NA
Kortenberg,23,high_urban,medium_urban,579,4/10/14,0.349232964,480.4594725,0.244512195,NA
Kortenberg,23,high_urban,medium_urban,580,4/10/14,0.445573092,666.5281514,0.274404762,NA
Kortenberg,23,high_urban,medium_urban,581,4/10/14,0.393388856,523.6092476,0.27862069,NA
Kortenberg,23,medium_urban,medium_urban,583,4/10/14,0.5017715,686.5715125,0.298125,NA
Kortenberg,23,medium_urban,medium_urban,584,4/10/14,0.518497217,467.5632346,0.358252427,NA
Kortenberg,23,medium_urban,medium_urban,585,4/10/14,0.42148806,934.8437259,0.391920624,NA
Kortenberg,23,medium_urban,medium_urban,586,4/10/14,0.345218792,583.299508,0.278205128,NA
Kortenberg,23,medium_urban,medium_urban,587,4/10/14,0.377332168,856.2253698,0.340625,NA
Kortenberg,23,medium_urban,medium_urban,588,4/10/14,0.457615608,797.4618792,0.347297297,NA
Kortenberg,23,medium_urban,medium_urban,589,4/10/14,0.425502232,591.6797064,0.350819672,NA
Kortenberg,23,medium_urban,medium_urban,590,4/10/14,0.385360512,563.4210805,0.357522124,NA
Kortenberg,23,medium_urban,medium_urban,591,4/10/14,0.4014172,1571.778074,0.347727273,NA
Kortenberg,23,medium_urban,medium_urban,592,4/10/14,0.409445544,410.5747439,0.343269231,NA
Lint,14,low_urban,medium_urban,55,29/08/2014,0.34120462,138.6777537,0.185869565,NA
Lint,14,low_urban,medium_urban,56,29/08/2014,0.465643952,783.5838936,0.408870968,NA
Lint,14,low_urban,medium_urban,57,29/08/2014,0.385360512,78.43771458,0.226388889,NA
Lint,14,low_urban,medium_urban,58,29/08/2014,0.457615608,707.737993,0.382539683,NA
Lint,14,low_urban,medium_urban,59,29/08/2014,0.48170064,536.8746226,0.356779661,NA
Lint,14,low_urban,medium_urban,60,29/08/2014,0.449587264,656.6714044,0.291836735,NA
Lint,14,low_urban,medium_urban,61,29/08/2014,0.425502232,782.154469,0.466363636,NA
Lint,14,low_urban,medium_urban,62,29/08/2014,0.543585792,604.8979575,0.481818182,NA
Lint,14,low_urban,medium_urban,63,29/08/2014,0.373317996,314.1357034,0.414102564,NA
Lint,14,high_urban,medium_urban,34,29/08/2014,0.357261308,232.202967,0.22293578,NA
Lint,14,high_urban,medium_urban,36,29/08/2014,0.289020384,625.1376682,0.309459459,NA
Lint,14,high_urban,medium_urban,38,29/08/2014,0.317119588,263.8780749,0.231531532,NA
Lint,14,high_urban,medium_urban,39,29/08/2014,0.285006212,397.5999662,0.25915493,NA
Lint,14,high_urban,medium_urban,40,29/08/2014,0.256907008,375.8287291,0.265413534,NA
Lint,14,high_urban,medium_urban,41,29/08/2014,0.285006212,186.7127054,0.236363636,NA
Lint,14,high_urban,medium_urban,42,29/08/2014,0.24085032,188.4327274,0.311688312,NA
Lint,14,high_urban,medium_urban,43,29/08/2014,0.178630654,160.810274,0.20952381,NA
Lint,14,medium_urban,medium_urban,44,29/08/2014,0.256907008,535.398074,0.242857143,NA
Lint,14,medium_urban,medium_urban,45,29/08/2014,0.36127548,437.7966442,0.352777778,NA
Lint,14,medium_urban,medium_urban,48,29/08/2014,0.373317996,375.9229769,0.31092437,NA
Lint,14,medium_urban,medium_urban,49,29/08/2014,0.345218792,677.6886593,0.408474576,NA
Lint,14,medium_urban,medium_urban,50,29/08/2014,0.518497217,566.7511687,0.203465347,NA
Lint,14,medium_urban,medium_urban,51,29/08/2014,0.34120462,315.8949953,0.175301205,NA
Lint,14,medium_urban,medium_urban,52,29/08/2014,0.309091244,578.4378934,0.356302521,NA
Lint,14,medium_urban,medium_urban,53,29/08/2014,0.453601436,552.6061478,0.310218978,NA
Mechelen,12,low_urban,high_urban,75,1/9/14,0.373317996,350.0990853,0.192857143,NA
Mechelen,12,low_urban,high_urban,76,1/9/14,0.369303824,441.5822634,0.258503401,NA
Mechelen,12,low_urban,high_urban,77,1/9/14,0.34120462,495.4919933,0.331355932,NA
Mechelen,12,low_urban,high_urban,78,1/9/14,0.417473888,1004.932658,0.395424837,NA
Mechelen,12,low_urban,high_urban,79,1/9/14,0.413459716,445.6741878,0.313559322,NA
Mechelen,12,low_urban,high_urban,80,1/9/14,0.48170064,678.8039247,0.359398496,NA
Mechelen,12,low_urban,high_urban,81,1/9/14,0.425502232,825.6733812,0.421487603,NA
Mechelen,12,low_urban,high_urban,82,1/9/14,0.365289652,463.6519518,0.296923077,NA
Mechelen,12,low_urban,high_urban,83,1/9/14,0.4014172,327.4010784,0.273684211,NA
Mechelen,12,low_urban,high_urban,84,1/9/14,0.369303824,301.2316116,0.20625,NA
Mechelen,12,high_urban,high_urban,85,1/9/14,0.337190448,219.2438973,0.225663717,NA
Mechelen,12,high_urban,high_urban,86,1/9/14,0.305077072,438.8490778,0.265693431,NA
Mechelen,12,high_urban,high_urban,87,1/9/14,0.353247136,486.8683215,0.266216216,NA
Mechelen,12,high_urban,high_urban,88,1/9/14,0.377332168,479.5798265,0.263194444,NA
Mechelen,12,high_urban,high_urban,89,1/9/14,0.244864492,274.2610387,0.181707317,NA
Mechelen,12,high_urban,high_urban,90,1/9/14,0.232821976,234.0486527,0.223966942,NA
Mechelen,12,high_urban,high_urban,91,1/9/14,0.526860075,838.8209465,0.298324022,NA
Mechelen,12,high_urban,high_urban,92,1/9/14,0.465643952,432.0632376,0.327619048,NA
Mechelen,12,high_urban,high_urban,93,1/9/14,0.2007086,125.7029761,0.273239437,NA
Mechelen,12,medium_urban,high_urban,64,1/9/14,0.293034556,396.0920018,0.204624277,NA
Mechelen,12,medium_urban,high_urban,65,1/9/14,0.337190448,208.6017522,0.244680851,NA
Mechelen,12,medium_urban,high_urban,66,1/9/14,0.256907008,248.9083859,0.240517241,NA
Mechelen,12,medium_urban,high_urban,67,1/9/14,0.473672296,608.8877802,0.292,NA
Mechelen,12,medium_urban,high_urban,68,1/9/14,0.272963696,319.7591543,0.263333333,NA
Mechelen,12,medium_urban,high_urban,69,1/9/14,0.26092118,238.9809532,0.212878788,NA
Mechelen,12,medium_urban,high_urban,70,1/9/14,0.272963696,239.9548469,0.142564103,NA
Mechelen,12,medium_urban,high_urban,71,1/9/14,0.329162104,238.7296257,0.245192308,NA
Mechelen,12,medium_urban,high_urban,72,1/9/14,0.48170064,415.7348098,0.286065574,NA
Mechelen,12,medium_urban,high_urban,73,1/9/14,0.46162978,327.6052819,0.17875,NA
Mechelen,12,medium_urban,high_urban,74,1/9/14,0.425502232,403.270541,0.2608,NA
Melsen,8,low_urban,low_urban,277,10/9/14,0.449587264,560.1145542,0.290070922,374
Melsen,8,low_urban,low_urban,280,10/9/14,0.36127548,404.2130188,0.214534884,287
Melsen,8,low_urban,low_urban,281,10/9/14,0.32113376,516.0458633,0.344247788,298
Melsen,8,low_urban,low_urban,278,10/9/14,0.510134358,676.3848983,0.335877863,NA
Melsen,8,low_urban,low_urban,279,10/9/14,0.385360512,760.3910859,0.263101604,317
Melsen,8,low_urban,low_urban,275,10/9/14,0.429516404,753.8173032,0.324666667,NA
Melsen,8,low_urban,low_urban,276,10/9/14,0.4014172,676.541978,0.293167702,380
Melsen,8,low_urban,low_urban,282,10/9/14,0.385360512,825.9639785,0.294444444,297
Melsen,8,low_urban,low_urban,283,10/9/14,0.38134634,492.3346927,0.262745098,272
Melsen,8,low_urban,low_urban,284,10/9/14,0.313105416,455.2324835,0.231952663,301
Melsen,8,high_urban,low_urban,302,10/9/14,0.465643952,475.527172,0.303937008,NA
Melsen,8,high_urban,low_urban,306,10/9/14,0.453601436,700.3866662,0.342753623,NA
Melsen,8,high_urban,low_urban,303,10/9/14,0.437544748,765.896727,0.407936508,283
Melsen,8,high_urban,low_urban,304,10/9/14,0.409445544,201.7059563,0.266336634,256
Melsen,8,high_urban,low_urban,305,10/9/14,0.46162978,626.1586858,0.282352941,372
Melsen,8,high_urban,low_urban,296,10/9/14,0.485045783,403.7574878,0.277165354,NA
Melsen,8,high_urban,low_urban,297,10/9/14,0.510134358,824.3067884,0.3875,311
Melsen,8,high_urban,low_urban,298,10/9/14,0.429516404,343.2268514,0.302,238
Melsen,8,high_urban,low_urban,299,10/9/14,0.373317996,998.947924,0.353892216,342
Melsen,8,high_urban,low_urban,300,10/9/14,0.5017715,563.5153283,0.253571429,307
Melsen,8,high_urban,low_urban,301,10/9/14,0.409445544,1023.436639,0.324293785,367
Melsen,8,medium_urban,low_urban,293,10/9/14,0.405431372,802.4098876,0.353103448,NA
Melsen,8,medium_urban,low_urban,294,10/9/14,0.493408642,286.9844889,0.312359551,NA
Melsen,8,medium_urban,low_urban,295,10/9/14,0.409445544,323.1128044,0.23902439,263
Melsen,8,medium_urban,low_urban,287,10/9/14,0.477686468,639.761782,0.355555556,NA
Melsen,8,medium_urban,low_urban,288,10/9/14,0.510134358,397.6313822,0.334951456,281
Melsen,8,medium_urban,low_urban,285,10/9/14,0.543585792,321.6126939,0.289622642,NA
Melsen,8,medium_urban,low_urban,286,10/9/14,0.437544748,873.6847709,0.389285714,268
Melsen,8,medium_urban,low_urban,291,10/9/14,0.518497217,862.6734887,0.344516129,NA
Melsen,8,medium_urban,low_urban,292,10/9/14,0.453601436,651.2521571,0.344117647,345
Melsen,8,medium_urban,low_urban,289,10/9/14,0.5017715,494.7380111,0.291851852,NA
Melsen,8,medium_urban,low_urban,290,10/9/14,0.510134358,535.3273882,0.291549296,277
Oudenaarde,3,low_urban,high_urban,367,15/09/2014,0.473672296,1091.33431,0.393959732,NA
Oudenaarde,3,low_urban,high_urban,368,15/09/2014,0.518497217,1064.348029,0.361309524,NA
Oudenaarde,3,low_urban,high_urban,369,15/09/2014,0.453601436,1107.497804,0.359638554,358
Oudenaarde,3,low_urban,high_urban,370,15/09/2014,0.493408642,646.4769363,0.317266187,304
Oudenaarde,3,low_urban,high_urban,371,15/09/2014,0.469658124,1614.786478,0.448795181,388
Oudenaarde,3,low_urban,high_urban,372,15/09/2014,0.429516404,814.7877627,0.288953488,402
Oudenaarde,3,low_urban,high_urban,373,15/09/2014,0.449587264,686.3201851,0.342307692,352
Oudenaarde,3,low_urban,high_urban,374,15/09/2014,0.357261308,450.740006,0.364705882,333
Oudenaarde,3,low_urban,high_urban,375,15/09/2014,0.477686468,782.994845,0.435042735,NA
Oudenaarde,3,low_urban,high_urban,376,15/09/2014,0.48170064,858.0632015,0.301149425,396
Oudenaarde,3,high_urban,high_urban,388,15/09/2014,0.34120462,409.7814918,0.260294118,379
Oudenaarde,3,high_urban,high_urban,389,15/09/2014,0.393388856,968.9849841,0.305820106,242
Oudenaarde,3,high_urban,high_urban,391,15/09/2014,0.457615608,803.9178521,0.336486486,289
Oudenaarde,3,high_urban,high_urban,392,15/09/2014,0.493408642,1284.385179,0.436645963,297
Oudenaarde,3,high_urban,high_urban,396,15/09/2014,0.433530576,210.6437874,0.179562044,283
Oudenaarde,3,high_urban,high_urban,390,15/09/2014,0.297048728,526.6487385,0.254716981,229
Oudenaarde,3,high_urban,high_urban,387,15/09/2014,0.373317996,256.7466596,0.225203252,309
Oudenaarde,3,high_urban,high_urban,394,15/09/2014,0.36127548,513.8624564,0.272789116,NA
Oudenaarde,3,high_urban,high_urban,395,15/09/2014,0.373317996,927.4217133,0.376973684,NA
Oudenaarde,3,high_urban,high_urban,393,15/09/2014,0.36127548,452.3108023,0.276119403,262
Oudenaarde,3,medium_urban,high_urban,377,15/09/2014,0.397403028,639.8167598,0.364,263
Oudenaarde,3,medium_urban,high_urban,379,15/09/2014,0.405431372,573.0029381,0.318548387,257
Oudenaarde,3,medium_urban,high_urban,380,15/09/2014,0.345218792,495.9553782,0.347787611,279
Oudenaarde,3,medium_urban,high_urban,382,15/09/2014,0.437544748,974.4277934,0.487962963,315
Oudenaarde,3,medium_urban,high_urban,386,15/09/2014,0.409445544,955.4996976,0.342857143,345
Oudenaarde,3,medium_urban,high_urban,383,15/09/2014,0.38134634,821.6521426,0.421311475,293
Oudenaarde,3,medium_urban,high_urban,384,15/09/2014,0.393388856,455.3581472,0.299152542,271
Oudenaarde,3,medium_urban,high_urban,381,15/09/2014,0.449587264,379.6928881,0.306796117,317
Oudenaarde,3,medium_urban,high_urban,378,15/09/2014,0.4014172,881.7272481,0.282564103,309
Oudenaarde,3,medium_urban,high_urban,385,15/09/2014,0.393388856,623.0092391,0.429292929,294
Pulderbos,16,low_urban,low_urban,205,5/9/14,0.297048728,343.9101478,0.243307087,NA
Pulderbos,16,low_urban,low_urban,206,5/9/14,0.393388856,841.0986011,0.263451777,NA
Pulderbos,16,low_urban,low_urban,207,5/9/14,0.449587264,838.4753713,0.373381295,NA
Pulderbos,16,low_urban,low_urban,208,5/9/14,0.256907008,338.6008562,0.228275862,NA
Pulderbos,16,low_urban,low_urban,209,5/9/14,0.365289652,555.1429838,0.264497041,NA
Pulderbos,16,low_urban,low_urban,210,5/9/14,0.329162104,535.0524988,0.253374233,NA
Pulderbos,16,low_urban,low_urban,211,5/9/14,0.385360512,581.171079,0.243604651,NA
Pulderbos,16,low_urban,low_urban,212,5/9/14,0.34120462,444.331157,0.241290323,NA
Pulderbos,16,low_urban,low_urban,213,5/9/14,0.289020384,541.6419894,0.222959184,NA
Pulderbos,16,low_urban,low_urban,214,5/9/14,0.329162104,753.7937413,0.231674208,NA
Pulderbos,16,high_urban,low_urban,185,5/9/14,0.413459716,349.3451031,0.319607843,NA
Pulderbos,16,high_urban,low_urban,186,5/9/14,0.36127548,589.6141092,0.343801653,NA
Pulderbos,16,high_urban,low_urban,187,5/9/14,0.289020384,298.4198862,0.198717949,NA
Pulderbos,16,high_urban,low_urban,188,5/9/14,0.405431372,588.3574722,0.292907801,NA
Pulderbos,16,high_urban,low_urban,189,5/9/14,0.313105416,313.9393539,0.164766839,NA
Pulderbos,16,high_urban,low_urban,190,5/9/14,0.48170064,750.4479451,0.300613497,NA
Pulderbos,16,high_urban,low_urban,191,5/9/14,0.409445544,865.1632009,0.286702128,NA
Pulderbos,16,high_urban,low_urban,192,5/9/14,0.309091244,463.0864651,0.288721805,NA
Pulderbos,16,high_urban,low_urban,193,5/9/14,0.389374684,881.6251464,0.252830189,NA
Pulderbos,16,high_urban,low_urban,194,5/9/14,0.42148806,357.9766289,0.165463918,NA
Pulderbos,16,medium_urban,low_urban,195,5/9/14,0.560311508,576.034575,0.206829268,NA
Pulderbos,16,medium_urban,low_urban,196,5/9/14,0.42148806,417.816115,0.271875,NA
Pulderbos,16,medium_urban,low_urban,197,5/9/14,0.397403028,370.3780659,0.280952381,NA
Pulderbos,16,medium_urban,low_urban,198,5/9/14,0.397403028,512.2288282,0.275,NA
Pulderbos,16,medium_urban,low_urban,199,5/9/14,0.493408642,370.7314951,0.270731707,NA
Pulderbos,16,medium_urban,low_urban,201,5/9/14,0.4014172,902.1476004,0.222357724,NA
Pulderbos,16,medium_urban,low_urban,202,5/9/14,0.405431372,513.8074785,0.287591241,NA
Pulderbos,16,medium_urban,low_urban,203,5/9/14,0.48170064,575.8068095,0.324615385,NA
Pulderbos,16,medium_urban,low_urban,204,5/9/14,0.42148806,447.6376832,0.245890411,NA
Ruisbroek,15,low_urban,medium_urban,225,8/9/14,0.44155892,973.8387447,0.300531915,NA
Ruisbroek,15,low_urban,medium_urban,226,8/9/14,0.38134634,674.1543675,0.240298507,NA
Ruisbroek,15,low_urban,medium_urban,227,8/9/14,0.449587264,821.1809037,0.342592593,NA
Ruisbroek,15,low_urban,medium_urban,228,8/9/14,0.357261308,965.2857587,0.385333333,NA
Ruisbroek,15,low_urban,medium_urban,229,8/9/14,0.38134634,366.074084,0.268292683,NA
Ruisbroek,15,low_urban,medium_urban,232,8/9/14,0.429516404,258.1446683,0.336363636,NA
Ruisbroek,15,low_urban,medium_urban,233,8/9/14,0.369303824,792.6945123,0.323178808,NA
Ruisbroek,15,low_urban,medium_urban,234,8/9/14,0.365289652,775.0623236,0.299425287,NA
Ruisbroek,15,low_urban,medium_urban,230,8/9/14,0.369303824,866.2313424,0.307777778,NA
Ruisbroek,15,low_urban,medium_urban,231,8/9/14,0.48170064,541.4534938,0.273469388,NA
Ruisbroek,15,high_urban,medium_urban,235,8/9/14,0.518497217,466.0238542,0.28,NA
Ruisbroek,15,high_urban,medium_urban,240,8/9/14,0.32113376,284.376967,0.190849673,NA
Ruisbroek,15,high_urban,medium_urban,241,8/9/14,0.413459716,631.3501676,0.201980198,NA
Ruisbroek,15,high_urban,medium_urban,242,8/9/14,0.373317996,436.4850293,0.31588785,NA
Ruisbroek,15,high_urban,medium_urban,243,8/9/14,0.393388856,211.3349378,0.218584071,NA
Ruisbroek,15,high_urban,medium_urban,244,8/9/14,0.385360512,487.4809321,0.244303797,NA
Ruisbroek,15,high_urban,medium_urban,236,8/9/14,0.357261308,365.5871371,0.253284672,NA
Ruisbroek,15,high_urban,medium_urban,237,8/9/14,0.413459716,238.0306214,0.381967213,NA
Ruisbroek,15,high_urban,medium_urban,238,8/9/14,0.353247136,366.074084,0.24496124,NA
Ruisbroek,15,high_urban,medium_urban,239,8/9/14,0.38134634,405.9408947,0.359139785,NA
Ruisbroek,15,medium_urban,medium_urban,216,8/9/14,0.389374684,655.8074664,0.278823529,NA
Ruisbroek,15,medium_urban,medium_urban,217,8/9/14,0.413459716,528.133141,0.296240602,NA
Ruisbroek,15,medium_urban,medium_urban,218,8/9/14,0.449587264,890.5158536,0.358219178,NA
Ruisbroek,15,medium_urban,medium_urban,219,8/9/14,0.535222933,654.6450772,0.231770833,NA
Ruisbroek,15,medium_urban,medium_urban,220,8/9/14,0.38134634,743.3008218,0.349635036,NA
Ruisbroek,15,medium_urban,medium_urban,221,8/9/14,0.465643952,1343.934067,0.404878049,NA
Ruisbroek,15,medium_urban,medium_urban,222,8/9/14,0.469658124,323.0185566,0.200649351,NA
Ruisbroek,15,medium_urban,medium_urban,223,8/9/14,0.48170064,496.8193162,0.36635514,NA
Ruisbroek,15,medium_urban,medium_urban,224,8/9/14,0.345218792,228.1974364,0.188372093,NA
Ruisbroek,15,medium_urban,medium_urban,215,8/9/14,0.393388856,617.8570272,0.324817518,NA
Sint-Joris-Weert,27,low_urban,low_urban,621,5/10/14,0.353247136,205.2245401,0.378787879,NA
Sint-Joris-Weert,27,low_urban,low_urban,622,5/10/14,0.3010629,400.7886828,0.349494949,NA
Sint-Joris-Weert,27,low_urban,low_urban,613,5/10/14,0.305077072,999.6233664,0.380124224,NA
Sint-Joris-Weert,27,low_urban,low_urban,614,5/10/14,0.449587264,715.3406472,0.529591837,NA
Sint-Joris-Weert,27,low_urban,low_urban,615,5/10/14,0.333176276,760.2497142,0.435652174,NA
Sint-Joris-Weert,27,low_urban,low_urban,616,5/10/14,0.325147932,668.2560273,0.375590551,NA
Sint-Joris-Weert,27,low_urban,low_urban,617,5/10/14,0.313105416,786.7254863,0.342763158,NA
Sint-Joris-Weert,27,low_urban,low_urban,618,5/10/14,0.305077072,482.4779458,0.416483516,NA
Sint-Joris-Weert,27,low_urban,low_urban,619,5/10/14,0.349232964,995.8534553,0.446268657,NA
Sint-Joris-Weert,27,low_urban,low_urban,620,5/10/14,0.357261308,721.3332352,0.464356436,NA
Sint-Joris-Weert,27,high_urban,low_urban,628,5/10/14,0.4014172,479.7133442,0.448148148,NA
Sint-Joris-Weert,27,high_urban,low_urban,629,5/10/14,0.409445544,398.566006,0.296261682,NA
Sint-Joris-Weert,27,high_urban,low_urban,630,5/10/14,0.445573092,739.2167514,0.5325,NA
Sint-Joris-Weert,27,high_urban,low_urban,631,5/10/14,0.293034556,269.9256408,0.358666667,NA
Sint-Joris-Weert,27,high_urban,low_urban,623,5/10/14,0.36127548,1030.128231,0.540740741,NA
Sint-Joris-Weert,27,high_urban,low_urban,624,5/10/14,0.377332168,811.9681833,0.319620253,NA
Sint-Joris-Weert,27,high_urban,low_urban,625,5/10/14,0.38134634,885.5521372,0.441463415,NA
Sint-Joris-Weert,27,high_urban,low_urban,626,5/10/14,0.445573092,593.3054806,0.354545455,NA
Sint-Joris-Weert,27,high_urban,low_urban,627,5/10/14,0.377332168,689.4931937,0.623287671,NA
Sint-Joris-Weert,27,high_urban,low_urban,632,5/10/14,0.36127548,361.9585976,0.378409091,NA
Sint-Joris-Weert,27,medium_urban,low_urban,611,5/10/14,0.276977868,613.5216293,0.412149533,NA
Sint-Joris-Weert,27,medium_urban,low_urban,612,5/10/14,0.365289652,662.0278199,0.366153846,NA
Sint-Joris-Weert,27,medium_urban,low_urban,604,5/10/14,0.38134634,283.9842679,0.397101449,NA
Sint-Joris-Weert,27,medium_urban,low_urban,605,5/10/14,0.377332168,629.5908757,0.316030534,NA
Sint-Joris-Weert,27,medium_urban,low_urban,603,5/10/14,0.510134358,394.5997453,0.28989899,NA
Sint-Joris-Weert,27,medium_urban,low_urban,608,5/10/14,0.417473888,306.8157925,0.341666667,NA
Sint-Joris-Weert,27,medium_urban,low_urban,609,5/10/14,0.393388856,558.8657711,0.414851485,NA
Sint-Joris-Weert,27,medium_urban,low_urban,606,5/10/14,0.425502232,447.4413337,0.363302752,NA
Sint-Joris-Weert,27,medium_urban,low_urban,607,5/10/14,0.473672296,465.1442083,0.338392857,NA
Sint-Joris-Weert,27,medium_urban,low_urban,610,5/10/14,0.413459716,529.9081408,0.356756757,NA
Sint-Niklaas,11,low_urban,high_urban,266,9/9/14,0.473672296,753.1968387,0.390625,NA
Sint-Niklaas,11,low_urban,high_urban,267,9/9/14,0.417473888,329.6316092,0.3,NA
Sint-Niklaas,11,low_urban,high_urban,268,9/9/14,0.425502232,548.1372322,0.31875,NA
Sint-Niklaas,11,low_urban,high_urban,270,9/9/14,0.518497217,766.1009305,0.283425414,NA
Sint-Niklaas,11,low_urban,high_urban,271,9/9/14,0.425502232,624.5878894,0.356,NA
Sint-Niklaas,11,low_urban,high_urban,272,9/9/14,0.577037225,1290.087169,0.434228188,NA
Sint-Niklaas,11,low_urban,high_urban,273,9/9/14,0.535222933,757.328033,0.369767442,NA
Sint-Niklaas,11,low_urban,high_urban,274,9/9/14,0.42148806,868.0534661,0.404411765,NA
Sint-Niklaas,11,high_urban,high_urban,263,9/9/14,0.369303824,259.1813939,0.195522388,NA
Sint-Niklaas,11,high_urban,high_urban,264,9/9/14,0.252892836,265.1975439,0.211278195,NA
Sint-Niklaas,11,high_urban,high_urban,257,9/9/14,0.337190448,764.1295811,0.348322148,NA
Sint-Niklaas,11,high_urban,high_urban,258,9/9/14,0.289020384,313.3031814,0.294339623,NA
Sint-Niklaas,11,high_urban,high_urban,259,9/9/14,0.349232964,386.3373566,0.238848921,NA
Sint-Niklaas,11,high_urban,high_urban,260,9/9/14,0.405431372,731.7790308,0.340875912,NA
Sint-Niklaas,11,high_urban,high_urban,261,9/9/14,0.28099204,308.331611,0.169430052,NA
Sint-Niklaas,11,high_urban,high_urban,262,9/9/14,0.38134634,318.4161234,0.25483871,NA
Sint-Niklaas,11,high_urban,high_urban,255,9/9/14,0.337190448,449.0435459,0.249315068,NA
Sint-Niklaas,11,high_urban,high_urban,256,9/9/14,0.333176276,392.6990817,0.299145299,NA
Sint-Niklaas,11,medium_urban,high_urban,245,9/9/14,0.535222933,529.9552647,0.371428571,NA
Sint-Niklaas,11,medium_urban,high_urban,246,9/9/14,0.409445544,758.9302453,0.396062992,NA
Sint-Niklaas,11,medium_urban,high_urban,247,9/9/14,0.389374684,498.0209754,0.342982456,NA
Sint-Niklaas,11,medium_urban,high_urban,248,9/9/14,0.377332168,508.3489613,0.274496644,NA
Sint-Niklaas,11,medium_urban,high_urban,249,9/9/14,0.38134634,1015.527679,0.322527473,NA
Sint-Niklaas,11,medium_urban,high_urban,250,9/9/14,0.369303824,515.3939828,0.260509554,NA
Sint-Niklaas,11,medium_urban,high_urban,251,9/9/14,0.429516404,754.9954005,0.307317073,NA
Sint-Niklaas,11,medium_urban,high_urban,252,9/9/14,0.465643952,713.8248288,0.344444444,NA
Sint-Niklaas,11,medium_urban,high_urban,253,9/9/14,0.38134634,571.6834692,0.311538462,NA
Sint-Niklaas,11,medium_urban,high_urban,254,9/9/14,0.405431372,923.5418464,0.352229299,NA