species,id,height_low,height_high,flowerheads_per_plant,floweringstems_per_plant,plant_northing,plant_easting
ARTFRI,1,15.5,37,270,7,5192172.039,692634.566
ARTFRI,2,23,35.5,180,10,5192165.007,692646.419
ARTFRI,3,21.5,30,170,8,5192163.463,692646.158
ARTFRI,4,25,36,80,2,5192169.943,692653.376
ARTFRI,5,9,42.5,880,26,5192172.065,692649.029
ARTFRI,6,14,35,800,15,5192162.774,692666.402
ARTFRI,8,20,32,50,4,5192164.601,692664.984
ARTFRI,9,20,32,20,2,5192164.671,692665.283
ARTFRI,11,23,34.5,60,1,5192163.705,692666.297
ARTFRI,12,21,30,110,4,5192163.931,692666.476
ARTFRI,13,16,36,330,9,5192165.812,692665.526
ARTFRI,14,19,41,260,4,5192169.276,692663.921
ARTFRI,15,24.5,36,50,2,5192173.099,692662.839
ARTFRI,16,13,29.5,25,2,5192170.272,692673.994
ARTFRI,17,25.5,41.5,270,8,5192163.79,692676.577
ARTFRI,18,18.5,44,710,23,5192164.976,692674.404
ARTFRI,19,21,30,80,4,5192165.29,692673.58
ARTFRI,20,18,43,340,15,5192164.583,692673.37
ARTFRI,21,17,39.5,220,6,5192161.706,692674.057
ARTFRI,22,21,38,380,15,5192164.133,692673.155
ARTFRI,23,18,31,190,8,5192164.323,692672.903
ARTFRI,25,18,48.5,1760,23,5192163,692671.786
ARTFRI,26,20,24.5,10,1,5192163.881,692671.069
ARTFRI,27,21,35,210,7,5192165.412,692670.788
ARTFRI,28,19,41,440,13,5192162.765,692671.253
ARTFRI,29,12,28,260,10,5192162.795,692669.278
ARTFRI,30,18,31,460,9,5192162.505,692668.31
ARTFRI,31,16,45,380,9,5192162.436,692668.115
ARTFRI,32,13,36,1210,26,5192163.017,692667.503
ARTFRI,33,21,35,45,2,5192165.494,692687.335
ARTFRI,34,16,28,30,5,5192163.787,692685.611
ARTFRI,36,17,30,55,2,5192162.17,692686.219
ARTFRI,37,21,31.5,70,6,5192161.909,692686.034
ARTFRI,40,19,38,260,19,5192162.699,692682.519
ARTFRI,41,24,42,280,18,5192162.391,692682.298
ARTFRI,42,24,41,450,13,5192162.427,692682.187
ARTFRI,46,20,35,410,13,5192163.916,692681.807
ARTFRI,48,8,26,30,4,5192163.602,692678.817
ARTFRI,133,9,33,770,25,5192256.953,692614.687
ARTFRI,132,19.5,28,50,3,5192255.825,692615.222
ARTFRI,189,26,39,250,9,5192265.18,692625.807
ARTFRI,190,24,44.5,1130,30,5192266.566,692630.798
ARTFRI,130,21,38.5,60,3,5192263.095,692643.015
ARTFRI,131,10.5,46.5,810,24,5192263.105,692643.346
ARTFRI,129,14,32,290,13,5192256.253,692654.598
ARTFRI,128,18,37.5,1310,37,5192258.876,692656.376
ARTFRI,126,22.5,50,270,12,5192256.878,692654.237
ARTFRI,127,13,35.5,20,22,5192258.891,692655.849
ARTFRI,125,11,34,830,23,5192256.765,692664.432
ARTFRI,207b,9,42,1590,43,5192265.393,692696.751
ARTFRI,54,16,32,190,5,5192178.358,692658.122
ARTFRI,50,14.5,31.5,390,11,5192175.446,692677.234
ARTFRI,51,17,30.5,10,1,5192173.988,692669.386
ARTFRI,52,24,43,580,6,5192180.582,692672.297
ARTFRI,49,16,39.5,320,5,5192176.279,692677.216
ARTFRI,55,21,38,380,10,5192185.954,692666.839
ARTFRI,56,14,40.5,1480,34,5192184.666,692667.578
ARTFRI,57,13,28,590,12,5192184.125,692667.626
ARTFRI,58,23.5,36,45,1,5192185.356,692662.36
ARTFRI,61,16,28,120,7,5192186.972,692661.673
ARTFRI,e28,NA,NA,70,NA,5192188.384,692658.348
ARTFRI,76,17.5,19,3,1,5192194.635,692645.547
ARTFRI,77,23,40.5,220,2,5192193.075,692644.74
ARTFRI,79,22,35.5,130,6,5192196.37,692644.511
ARTFRI,80,23,45,160,4,5192202.847,692639.543
ARTFRI,81,13,19,20,2,5192203.065,692639.282
ARTFRI,82,18,20,10,1,5192193.465,692646.043
ARTFRI,75,18,36,470,12,5192194.698,692647.317
ARTFRI,30b,23,45,260,7,5192200.757,692650.857
ARTFRI,74,22.5,33,60,1,5192196.822,692648.482
ARTFRI,73,23.5,32,40,1,5192193.603,692649.044
ARTFRI,72,21,45.5,2120,50,5192200.029,692661.302
ARTFRI,70,12,29.5,150,9,5192194.873,692662.735
ARTFRI,71,22,42,400,17,5192200.071,692660.985
ARTFRI,62,19.5,36,290,6,5192199.486,692678.308
ARTFRI,63,12,40,840,18,5192192.993,692681.772
ARTFRI,64,19,40.5,320,20,5192192.239,692671.467
ARTFRI,65,22,42,200,9,5192195.127,692670.632
ARTFRI,66,28,41,180,5,5192195.928,692669.649
ARTFRI,67,19,33,100,3,5192199.407,692669.958
ARTFRI,68,10,28,90,4,5192199.669,692670.243
ARTFRI,83,26,37,50,2,5192213.796,692635.836
ARTFRI,84,21,38,680,18,5192213.776,692636.108
ARTFRI,85,23.5,35.5,130,5,5192210.363,692638.451
ARTFRI,86,17,38,570,19,5192210.338,692639.118
ARTFRI,87,12.5,33,380,8,5192212.906,692646.144
ARTFRI,88,22.5,45.5,390,15,5192209.134,692649.43
ARTFRI,89,17,26.5,60,3,5192207.357,692647.967
ARTFRI,90,23.5,37,70,3,5192204.994,692649.249
ARTFRI,91,14,34.5,170,5,5192205.752,692646.945
ARTFRI,92,28,35.5,30,1,5192206.404,692651.252
ARTFRI,93,9,48.5,490,15,5192210.491,692653.466
ARTFRI,94,23,32,190,11,5192208.207,692665.14
ARTFRI,100,21,29.5,45,1,5192217.119,692630.403
ARTFRI,101,16,39,230,4,5192216.773,692629.067
ARTFRI,98,13,32.5,420,14,5192216.116,692636.469
ARTFRI,99,27,39.5,260,8,5192218.899,692634.188
ARTFRI,97,19,35,350,6,5192213.589,692657.053
ARTFRI,96,21,41,200,10,5192218.256,692690.323
ARTFRI,102,21,39,270,6,5192232.745,692627.698
ARTFRI,103,7.5,14,180,2,5192231.834,692628.295
ARTFRI,104,23,37,140,5,5192230.262,692629.682
ARTFRI,105,23,39.5,80,4,5192230.292,692629.829
ARTFRI,106,23,36,430,13,5192229.911,692630.118
ARTFRI,107,27,35.5,70,1,5192229.803,692630.117
ARTFRI,108,16,32,130,3,5192229.786,692630.439
ARTFRI,110,16,49,600,8,5192231.639,692655.637
ARTFRI,111,18.5,38,650,18,5192225.896,692657.462
ARTFRI,112,13,45.5,1100,19,5192222.822,692658.386
ARTFRI,113,16,42,730,21,5192225.899,692653.178
ARTFRI,114,21,53.5,2100,32,5192227.029,692652.964
ARTFRI,115,16.5,27,180,7,5192229.608,692650.087
ARTFRI,214b,8,41,260,8,5192231.895,692699.305
ARTFRI,215b,16,37,560,15,5192231.161,692699.687
ARTFRI,216b,7,42,800,19,5192229.231,692706.279
ARTFRI,217b,15,50,640,13,5192228.149,692707.214
ARTFRI,218b,10,51,670,22,5192227.506,692705.912
ARTFRI,219b,11,50,690,17,5192226.596,692707.99
ARTFRI,109,25,35.5,60,2,5192243.24,692639.164
ARTFRI,116,22.5,47,1050,17,5192242.551,692637.703
ARTFRI,117,11,27,120,5,5192252.54,692617.805
ARTFRI,118,16,30,160,5,5192253.014,692617.933
ARTFRI,119,19,44,470,12,5192249.527,692619.129
ARTFRI,120,19.5,38,130,4,5192248.325,692642.898
ARTFRI,121,8,33,410,20,5192246.36,692656.179
ARTFRI,122,8,33,660,12,5192248.861,692668.225
ARTFRI,123,11,33,280,3,5192248.99,692668.596
ARTFRI,124,18,39,400,16,5192248.178,692668.802
ARTFRI,163b,11,19,270,18,5192318.24,692689.829
ARTFRI,174b,13,31,100,4,5192307.482,692693.749
ARTFRI,172b,15,49,930,21,5192308.509,692692.213
ARTFRI,173b,13,34,720,25,5192308.146,692693.064
ARTFRI,169b,6,28,1390,35,5192314.13,692689.577
ARTFRI,171b,10,31,520,19,5192309.495,692691.239
ARTFRI,164b,11,59,1820,36,5192317.294,692690.611
ARTFRI,165b,8,42,730,29,5192316.336,692689.717
ARTFRI,170b,6,26,1870,45,5192311.362,692689.932
ARTFRI,166b,15,41,1080,36,5192316.276,692690.187
ARTFRI,167b,12,52,820,28,5192316.212,692691.227
ARTFRI,168b,14,43,1750,46,5192316.089,692691.386
ARTFRI,107b,3.5,40,690,32,5192307.162,692686.543
ARTFRI,102b,2,21.5,720,16,5192315.134,692678.556
ARTFRI,104b,3.5,40,3420,91,5192314.623,692679.676
ARTFRI,106b,11,33,300,13,5192304.308,692677.187
ARTFRI,103b,3,38,1150,24,5192314.946,692678.786
ARTFRI,105b,22,43,380,6,5192324.085,692673.464
ARTFRI,101b,13.5,24.5,150,2,5192316.873,692677.248
ARTFRI,110b,10,39,300,3,5192317.223,692684.693
ARTFRI,316b,12,45,570,18,5192344.319,692684.952
ARTFRI,77b,13,41.5,1160,52,5192330.615,692675.195
ARTFRI,78b,18,53.5,570,20,5192331.923,692674.77
ARTFRI,323b,20,30,50,2,5192333.677,692693.984
ARTFRI,140b,11,38,510,12,5192321.899,692694.074
ARTFRI,141b,26,42,360,16,5192322.251,692694.279
ARTFRI,e6,19,29,100,NA,5192322.986,692691.329
ARTFRI,142b,21,30.5,180,6,5192322.092,692694.507
ARTFRI,143b,6.5,20,370,13,5192322.939,692693.046
ARTFRI,e5,5,11.5,40,NA,5192323.533,692690.473
ARTFRI,144b,2,34.5,1020,25,5192323.955,692691.688
ARTFRI,109b,13,26,130,7,5192307.684,692686.313
ARTFRI,319b,7,17,360,13,5192342.86,692688.686
ARTFRI,320b,17,21,80,5,5192342.667,692689.052
ARTFRI,321b,19,21,5,1,5192335.876,692694.299
ARTFRI,322b,11,34,600,21,5192333.962,692693.57
ARTFRI,113b,9,42,1020,26,5192320.435,692686.684
ARTFRI,114b,11,32.5,240,6,5192321.858,692687.645
ARTFRI,115b,13,44.5,2110,62,5192323.257,692682.404
ARTFRI,116b,11,51,970,17,5192323.581,692683.742
ARTFRI,117b,12,32,560,15,5192324.202,692683.865
ARTFRI,118b,14,41,1560,43,5192324.077,692685.059
ARTFRI,119b,3,33,640,24,5192320.883,692691.156
ARTFRI,120b,4,42,2200,46,5192319.934,692694.056
ARTFRI,108b,11,36,140,5,5192307.714,692686.163
ARTFRI,145b,13,21,120,6,5192324.939,692689.851
ARTFRI,146b,10.5,29,260,9,5192324.705,692691.332
ARTFRI,111b,10.5,37,1160,38,5192321.449,692683.253
ARTFRI,112b,7,31,810,23,5192318.495,692686.074
ARTFRI,85b,6.5,37.5,1020,17,5192328.46,692661.545
ARTFRI,86b,11,33.5,500,20,5192327.925,692663.801
ARTFRI,87b,12,40.5,930,22,5192327.975,692661.882
ARTFRI,88b,9,29,80,4,5192328.006,692660.692
ARTFRI,89b,9,33,290,4,5192327.328,692661.814
ARTFRI,90b,2,41,2420,40,5192327.488,692666.392
ARTFRI,91b,7,41.5,1270,20,5192327.126,692659.301
ARTFRI,92b,11,51.5,2380,49,5192326.733,692662.394
ARTFRI,317b,13,26,260,10,5192343.825,692685.486
ARTFRI,318b,21,39,580,17,5192343.78,692685.684
ARTFRI,95b,4,32.5,800,20,5192318.395,692673.242
ARTFRI,96b,7,40,1180,25,5192317.717,692673.831
ARTFRI,97b,9.5,33,900,16,5192318.274,692674.09
ARTFRI,98b,16,30.5,330,15,5192316.087,692674.791
ARTFRI,99b,12.5,39,1940,43,5192315.549,692676.259
ARTFRI,100b,13,32,890,12,5192316.916,692676.785
ARTFRI,324b,4,27,530,22,5192333.338,692694.231
ARTFRI,325b,14,27,140,6,5192334.544,692693.494
ARTFRI,152b,11,20.5,90,3,5192325.171,692694.614
ARTFRI,153b,8.5,24,390,14,5192325.873,692693.298
ARTFRI,154b,10.5,39.5,1930,55,5192326.272,692688.736
ARTFRI,79b,20,30,120,5,5192330.145,692663.3
ARTFRI,80b,3,30.5,670,7,5192329.065,692663.289
ARTFRI,81b,15.5,31,90,2,5192329.305,692662.831
ARTFRI,82b,10.5,39.5,610,12,5192328.533,692663.768
ARTFRI,83b,12,43,600,18,5192328.353,692664.124
ARTFRI,147b,13,27,160,7,5192325.078,692691.075
ARTFRI,148b,16,38,190,3,5192324.793,692693.105
ARTFRI,149b,9.5,17.5,80,2,5192325.304,692689.471
ARTFRI,150b,10,38.5,380,13,5192325.04,692691.968
ARTFRI,151b,13,28.5,70,2,5192325.46,692692.081
ARTFRI,129b,10,24,200,5,5192321.682,692692.109
ARTFRI,130b,9,32,390,9,5192323.236,692687.991
ARTFRI,131b,6.5,20,200,7,5192323.256,692688.183
ARTFRI,132b,12,33.5,480,18,5192323.144,692688.578
ARTFRI,133b,5.5,35.5,580,19,5192322.276,692691.658
ARTFRI,e4,17,32,130,NA,5192323.398,692691.058
ARTFRI,134b,15.5,42.5,400,14,5192322.429,692691.431
ARTFRI,135b,15,33,240,4,5192321.285,692694.797
ARTFRI,84b,18,30,220,5,5192328.316,692663.6
ARTFRI,125b,14,30,70,9,5192321.229,692693.591
ARTFRI,126b,4.5,29.5,470,14,5192322.032,692692.192
ARTFRI,127b,6,11.5,80,3,5192321.913,692692.605
ARTFRI,128b,10,38,470,15,5192321.66,692693.489
ARTFRI,311b,10,34,800,28,5192357.305,692680.361
ARTFRI,312b,6,21,170,7,5192340.975,692677.524
ARTFRI,313b,13,33,400,15,5192340.579,692678.71
ARTFRI,314b,14,46,450,14,5192339.871,692679.742
ARTFRI,155b,10.5,44,830,14,5192325.77,692694.474
ARTFRI,156b,11,28,210,9,5192325.83,692694.92
ARTFRI,121b,15,39,210,3,5192320.624,692692.974
ARTFRI,122b,11,42,720,24,5192320.553,692693.182
ARTFRI,136b,8.5,25,400,12,5192321.213,692695.046
ARTFRI,137b,18,30.5,230,8,5192321.133,692696.104
ARTFRI,138b,18,25,90,2,5192320.767,692697.425
ARTFRI,139b,20.5,31,160,7,5192320.614,692697.548
ARTFRI,310b,20,43,230,4,5192357.875,692679.952
ARTFRI,315b,7,40,580,21,5192343.918,692683.785
ARTFRI,124b,8,21,130,6,5192320.74,692693.846
ARTFRI,93b,7,36,1230,25,5192316.96,692669.042
ARTFRI,94b,7,38.5,1060,21,5192316.079,692669.638
ARTFRI,123b,6,32.5,410,15,5192320.217,692694.156
ARTFRI,158b,7.5,43,480,7,5192327.307,692694.865
ARTFRI,162b,8,35.5,580,8,5192328.277,692688.988
ARTFRI,309b,10,38,1800,44,5192345.083,692666.101
ARTFRI,157b,9,37,680,17,5192327.699,692694.448
ARTFRI,159b,21,28.5,200,6,5192327.31,692694.735
ARTFRI,160b,11,33,500,18,5192328.987,692693.489
ARTFRI,161b,7,44.5,550,24,5192329.499,692692.999
ARTFRI,281b,3,42,1140,31,5192355.551,692657.493
ARTFRI,286b,7,36,910,17,5192354.957,692659.395
ARTFRI,282b,8,47,1380,31,5192349.012,692645.818
ARTFRI,283b,5,43,1510,46,5192355.608,692637.101
ARTFRI,280b,10,22,210,7,5192359.803,692659.028
ARTFRI,292b,5,36,1360,36,5192353.692,692661.359
ARTFRI,293b,9,35,560,16,5192352.097,692660.231
ARTFRI,294b,19,28,140,4,5192351.951,692659.723
ARTFRI,291b,13,40,1750,62,5192353.215,692661.124
ARTFRI,284b,4,6,80,3,5192355.923,692658.42
ARTFRI,e21,2,31,530,22,5192346.613,692658.608
ARTFRI,e10,12,30,400,11,5192349.208,692658.443
ARTFRI,295b,11,45,780,23,5192347.945,692658.034
ARTFRI,302b,14,42,700,23,5192349.79,692660.678
ARTFRI,303b,7,35,1200,37,5192349.531,692661.109
ARTFRI,304b,17,30,280,14,5192350.116,692661.335
ARTFRI,305b,1,37,550,22,5192349.998,692661.431
ARTFRI,306b,3,24,690,15,5192351.536,692661.368
ARTFRI,307b,12,23,350,7,5192352.342,692661.066
ARTFRI,308b,8,17,5,1,5192354.085,692662.408
ARTFRI,285b,13,19,30,1,5192355.311,692658.899
ARTFRI,287b,10,40,1530,50,5192354.765,692660.803
ARTFRI,297b,23,48,250,11,5192341.502,692660.667
ARTFRI,288b,13,32,210,10,5192353.575,692659.903
ARTFRI,289b,6,37,1150,24,5192353.272,692660.245
ARTFRI,290b,6,31,580,12,5192353.028,692660.5
ARTFRI,301b,15,46,660,24,5192348.273,692660.946
ARTFRI,298b,18,38,260,8,5192341.831,692660.641
ARTFRI,296b,5,20,10,3,5192346.56,692657.892
ARTFRI,300b,3,17,340,13,5192348.063,692660.906
ARTFRI,299b,3,23,1040,33,5192346.021,692660.219
ARTFRI,326b,23,40.5,200,7,5192379.911,692674.98
ARTFRI,330b,11.5,42,660,24,5192385.608,692687.272
ARTFRI,327b,15,47,790,21,5192380.824,692679.676
ARTFRI,329b,7,39,400,22,5192386.061,692687.027
ARTFRI,334b,12.5,49,970,18,5192382.584,692697.36
ARTFRI,331b,22,37,230,6,5192385.318,692688.684
ARTFRI,328b,27,51,1440,49,5192385.999,692685.698
ARTFRI,333b,16,41,200,12,5192387.939,692688.577
ARTFRI,e22,25,42,450,18,5192367.642,692678.302
ARTFRI,338b,9.5,63.5,1020,57,5192385.733,692702.707
ARTFRI,339b,13,43.5,430,16,5192379.595,692699.227
ARTFRI,340b,15,46.5,390,8,5192379.381,692699.136
ARTFRI,341b,24,47,890,16,5192380.025,692698.806
ARTFRI,342b,28,46.5,560,10,5192379.867,692698.51
ARTFRI,343b,12,48.5,1580,54,5192374.155,692710.42
ARTFRI,335b,25,38.5,110,2,5192382.338,692697.206
ARTFRI,332b,17,45.5,1240,34,5192385.83,692688.731
ARTFRI,337b,33,66,650,12,5192381.777,692699.118
ARTFRI,336b,13,35,350,9,5192381.847,692697.393
ARTFRI,344b,23,53,800,30,5192372.927,692710.151
ARTFRI,360b,19,40,240,16,5192371.907,692742.518
ARTFRI,366b,15,48,310,8,5192397.341,692711.501
ARTFRI,364b,10,38,140,9,5192389.663,692726.047
ARTFRI,361b,13,40,580,19,5192392.024,692732.257
ARTFRI,362b,15,38,610,30,5192391.503,692731.98
ARTFRI,363b,3,40,410,19,5192391.883,692727.237
ARTFRI,365b,22,47,570,21,5192398.02,692709.961
ARTFRI,236b,17,35,600,50,5192245.153,692725.896
ARTFRI,237b,3,34,770,27,5192244.768,692726.663
ARTFRI,238b,13,34,710,18,5192244.938,692726.549
ARTFRI,240b,10,32,570,16,5192244.853,692727.435
ARTFRI,241b,12,36,380,10,5192245.68,692727.396
ARTFRI,242b,19,50,1280,46,5192245.853,692727.194
ARTFRI,239b,18,39,810,23,5192245.108,692726.404
ARTFRI,244b,15,38,1230,29,5192246.034,692726.651
ARTFRI,245b,17.5,36,640,17,5192245.722,692726.597
ARTFRI,246b,16,22.5,50,1,5192244.579,692725.604
ARTFRI,243b,22,36,760,26,5192246.01,692727.361
ARTFRI,e7,21,32,110,4,5192256.798,692719.681
ARTFRI,208b,12,27,130,4,5192261.054,692714.436
ARTFRI,209b,9,47.5,1640,46,5192252.99,692710.8
ARTFRI,210b,7,48.5,990,25,5192253.367,692707.917
ARTFRI,211b,5,36,1190,27,5192251.893,692703.746
ARTFRI,212b,27,49,640,18,5192245.288,692701.861
ARTFRI,213b,4,30,90,5,5192245.118,692703.229
ARTFRI,e9,12,33,210,6,5192256.955,692719.466
ARTFRI,228b,17,44,1060,17,5192256.849,692724.305
ARTFRI,229b,13,51,3340,109,5192252.577,692724.026
ARTFRI,230b,5,53,2370,110,5192251.747,692724.267
ARTFRI,231b,6,34,270,8,5192262.019,692727.584
ARTFRI,232b,14,35,130,5,5192258.565,692739.626
ARTFRI,233b,24,40,120,7,5192251.129,692731.592
ARTFRI,234b,19,48,580,15,5192250.369,692728.612
ARTFRI,235b,10,38,410,12,5192247.541,692725.349
ARTFRI,261b,24,31,70,6,5192273.943,692734.418
ARTFRI,247b,16,38,340,12,5192258.831,692726.322
ARTFRI,248b,22,37,90,6,5192268.052,692739.207
ARTFRI,249b,18,23,20,4,5192267.674,692739.077
ARTFRI,260b,22,31,100,7,5192272.689,692734.395
ARTFRI,251b,12,52,270,26,5192270.639,692738.03
ARTFRI,252b,17,26,60,3,5192271.26,692738.311
ARTFRI,253b,19,38,160,9,5192266.378,692734.867
ARTFRI,250b,24,39,130,13,5192268.166,692738.214
ARTFRI,255b,16,37,240,7,5192267.253,692735.392
ARTFRI,256b,24,25,10,1,5192270.96,692735.364
ARTFRI,257b,10,30,15,2,5192271.301,692735.501
ARTFRI,254b,23,31,90,5,5192267.075,692735.202
ARTFRI,259b,26,36,90,4,5192272.655,692734.52
ARTFRI,264b,12,40,240,8,5192285.752,692738.084
ARTFRI,265b,11,31,150,6,5192285.209,692738.817
ARTFRI,262b,17,38,260,14,5192282.71,692737.709
ARTFRI,263b,21,34,120,7,5192281.868,692740.745
ARTFRI,268b,22,50,2010,82,5192284.381,692748.712
ARTFRI,266b,22,50,110,7,5192287.753,692742.076
ARTFRI,267b,24,39,110,2,5192286.754,692745.647
ARTFRI,258b,18,30,110,6,5192270.464,692734.479
ARTFRI,206b,8,17,110,8,5192281.143,692708.109
ARTFRI,205b,3,39,600,6,5192279.538,692703.569
ARTFRI,175b,10,47,1580,49,5192302.38,692702.363
ARTFRI,176b,13,53,1810,28,5192312.419,692710.728
ARTFRI,190b,14,50,800,28,5192279.029,692700.56
ARTFRI,191b,19,42,690,15,5192282.076,692702.044
ARTFRI,192b,12,39,1370,28,5192282.382,692702.569
ARTFRI,193b,2,40,2730,56,5192283.398,692702.474
ARTFRI,194b,9,17,190,3,5192283.529,692702.718
ARTFRI,195b,7,43,1540,27,5192282.308,692705.817
ARTFRI,196b,15,28,170,5,5192282.309,692706.214
ARTFRI,197b,5,39,900,30,5192280.881,692707.267
ARTFRI,198b,9,38,650,16,5192280.294,692708.065
ARTFRI,200b,11,36,180,2,5192280.452,692705.092
ARTFRI,201b,7,38,410,5,5192280.53,692704.673
ARTFRI,202b,15,19,40,2,5192280.787,692703.419
ARTFRI,199b,13,18,30,1,5192280.953,692705.813
ARTFRI,203b,20,34,80,2,5192280.859,692703.217
ARTFRI,204b,11,27,200,7,5192279.635,692704.723
ARTFRI,179b,22,40,620,15,5192282.77,692698.257
ARTFRI,180b,18,45,680,18,5192282.444,692699.278
ARTFRI,181b,4,34,1500,23,5192282.512,692698.125
ARTFRI,182b,10,44,2260,72,5192282.062,692699.104
ARTFRI,183b,16,19,50,2,5192281.471,692699.076
ARTFRI,184b,14,59,2020,35,5192282.41,692699.724
ARTFRI,185b,18,38,490,14,5192281.996,692700.008
ARTFRI,186b,15,25,740,21,5192282.092,692700.276
ARTFRI,187b,8,41,710,10,5192282.479,692700.877
ARTFRI,188b,8,41,1430,25,5192281.448,692701.84
ARTFRI,189b,14,50,1080,38,5192279.993,692700.772
ARTFRI,177b,11,38,1120,33,5192283.303,692699.445
ARTFRI,178b,23,47,1050,43,5192282.723,692699.174
ARTFRI,e8,20,22,20,1,5192284.343,692702.39
ARTFRI,7,9,18,50,4,5192280.042,692611.579
ARTFRI,10,13.5,19,25,2,5192279.705,692611.566
ARTFRI,24,19.5,35,70,1,5192279.573,692611.825
ARTFRI,35,12.5,34.5,1010,22,5192277.947,692609.887
ARTFRI,38,15,29,450,17,5192278.587,692611.409
ARTFRI,39,14,32,140,6,5192277.74,692610.531
ARTFRI,43,3,27,620,15,5192277.889,692611.777
ARTFRI,44,15,28.5,80,2,5192277.223,692611.218
ARTFRI,45,14,29.5,660,26,5192277.302,692611.725
ARTFRI,47,12,25.5,160,5,5192278.929,692612.973
ARTFRI,53,7,32.5,1270,27,5192279.754,692609.781
ARTFRI,59,12,26,210,5,5192277.985,692612.249
ARTFRI,60,7,28,200,8,5192279.293,692609.249
ARTFRI,69,10,35.5,1290,39,5192276.645,692611.588
ARTFRI,78,11.5,30,400,15,5192279.778,692611.105
ARTFRI,95,10,31.5,1080,32,5192279.903,692611.189
ARTFRI,134,12.5,28,360,16,5192276.825,692611.889
ARTFRI,135,16,23.5,110,5,5192276.587,692611.812
ARTFRI,136,12,36.5,830,24,5192275.115,692611.029
ARTFRI,137,9,21,60,1,5192274.869,692611.487
ARTFRI,138,13,29,1020,27,5192276.844,692612.393
ARTFRI,139,14,35,1640,51,5192276.402,692612.534
ARTFRI,140,12,39,590,23,5192275.363,692611.772
ARTFRI,141,14,31,660,41,5192275.675,692611.677
ARTFRI,142,11,31.5,260,8,5192275.941,692613.175
ARTFRI,143,8,31.5,190,9,5192275.795,692613.111
ARTFRI,144,15,31,260,10,5192275.481,692613.057
ARTFRI,145,9,25.5,250,10,5192275.909,692613.003
ARTFRI,146,16,29.5,130,4,5192276.461,692613.896
ARTFRI,147,7,13.5,20,1,5192274.905,692613.497
ARTFRI,148,14,32,190,4,5192274.722,692613.771
ARTFRI,149,13,35.5,440,18,5192274.638,692613.912
ARTFRI,150,13.5,28,110,4,5192276.058,692613.894
ARTFRI,151,7,30,1520,57,5192268.627,692617.084
ARTFRI,152,16.5,35,340,20,5192269.846,692617.388
ARTFRI,153,12,32,720,20,5192277.309,692617.408
ARTFRI,154,16,44,1500,40,5192276.667,692617.51
ARTFRI,155,16,45,370,10,5192276.159,692617.853
ARTFRI,156,16,39.5,320,7,5192278.666,692622.336
ARTFRI,157,13,39,3320,45,5192278.176,692624.867
ARTFRI,158,14.5,46,5130,91,5192278.527,692625.306
ARTFRI,159,9,49,5210,86,5192277.709,692625.613
ARTFRI,160,13,39.5,310,2,5192278.942,692623.929
ARTFRI,161,16.5,24,120,4,5192279.188,692623.807
ARTFRI,162,19,40.5,100,3,5192279.413,692623.417
ARTFRI,163,19,36,240,6,5192278.818,692624.134
ARTFRI,164,29,46,170,5,5192278.591,692624.512
ARTFRI,165,4,30,70,2,5192279.321,692624.189
ARTFRI,166,22,35,690,14,5192279.416,692623.854
ARTFRI,167,13,15,10,1,5192279.438,692623.661
ARTFRI,168,13,18.5,90,3,5192279.687,692623.501
ARTFRI,169,31,49,4130,52,5192279.986,692622.673
ARTFRI,170,18,31,220,6,5192279.006,692624.961
ARTFRI,171,13,36,480,10,5192279.352,692625.21
ARTFRI,172,6,29,820,19,5192280.656,692624.531
ARTFRI,173,17,46,900,18,5192281.11,692623.617
ARTFRI,174,16,37.5,420,15,5192281.259,692623.81
ARTFRI,175,12.5,23,70,4,5192281.976,692623.986
ARTFRI,176,24,51,1650,28,5192282.134,692623.171
ARTFRI,177,19,29.5,90,4,5192282.938,692622.205
ARTFRI,178,15,38.5,1080,38,5192283.013,692621.609
ARTFRI,179,15,36,450,18,5192283.2,692621.992
ARTFRI,180,24,35.5,280,6,5192283.291,692622.235
ARTFRI,181,17.5,43.5,1830,38,5192284.007,692627.192
ARTFRI,182,24,44.5,70,18,5192284.19,692628.644
ARTFRI,183,9,23,220,4,5192284.242,692626.596
ARTFRI,184,23.5,28,20,1,5192284.73,692624.566
ARTFRI,185,22,42.5,120,4,5192284.295,692602.503
ARTFRI,186,13,44,810,28,5192286.008,692601.891
ARTFRI,187,32,53,1030,21,5192287.324,692602.902
ARTFRI,e1,12,23,90,3,5192285.636,692602.59
ARTFRI,e2,11.5,19,50,1,5192281.601,692608.129
ARTFRI,191,8,45,670,39,5192282.522,692638.689
ARTFRI,192,19.5,34,1070,43,5192282.943,692638.154
ARTFRI,193,17,28,100,4,5192290.834,692622.01
ARTFRI,194,9,35,980,24,5192290.529,692622.354
ARTFRI,195,18.5,35,760,23,5192290.122,692636.472
ARTFRI,196,14.5,50,1520,15,5192290.224,692635.774
ARTFRI,197,15,42,2690,38,5192285.503,692637.389
ARTFRI,198,9,35.5,3780,49,5192287.717,692639.902
ARTFRI,199,11,37.5,1200,20,5192283.949,692640.715
ARTFRI,200,25,45,450,9,5192288.762,692639.925
ARTFRI,1b,23,49,850,14,5192294.741,692641.314
ARTFRI,2b,26,48,580,17,5192283.554,692643.287
ARTFRI,4b,14,17.5,290,10,5192286.673,692659.304
ARTFRI,5b,14,38,1140,37,5192291.115,692661.903
ARTFRI,6b,8,25,260,6,5192291.207,692662.508
ARTFRI,7b,19,46.5,1140,27,5192286.192,692663.568
ARTFRI,8b,23,42,1560,33,5192286.456,692663.692
ARTFRI,9b,17,37.5,460,7,5192285.676,692664.412
ARTFRI,10b,12,31,760,32,5192283.309,692668.078
ARTFRI,11b,10,31,360,14,5192283.528,692668.226
ARTFRI,12b,11,45,2050,59,5192284.129,692668.078
ARTFRI,13b,9,32,720,11,5192279.394,692669.71
ARTFRI,14b,11,33,660,17,5192280.833,692670.846
ARTFRI,15b,13,35,570,10,5192277.598,692669.444
ARTFRI,3b,11,19,120,2,5192274.442,692661.986
ARTFRI,17b,17,30.5,370,12,5192283.973,692677.179
ARTFRI,18b,12.5,40,1770,46,5192285.341,692679.136
ARTFRI,19b,14.5,25,750,14,5192284.056,692678.103
ARTFRI,20b,10,33,790,18,5192283.113,692677.215
ARTFRI,21b,13,28,250,8,5192282.796,692677.5
ARTFRI,22b,19,30.5,220,4,5192282.292,692677.893
ARTFRI,23b,10.5,32,420,14,5192282.311,692678.287
ARTFRI,24b,8.5,38.5,1670,44,5192282.718,692678.098
ARTFRI,25b,14,39,1800,48,5192281.24,692678.415
ARTFRI,26b,18,33,890,24,5192277.86,692681.993
ARTFRI,27b,14.5,34,1030,23,5192277.67,692681.664
ARTFRI,28b,14,35,700,17,5192277.178,692682.458
ARTFRI,16b,16,43.5,3470,43,5192288.72,692676.143
ARTFRI,29b,9.5,44,1180,19,5192276.987,692682.011
ARTFRI,72b,16.5,32,30,5,5192331.612,692627.528
ARTFRI,73b,11,20,40,1,5192331.772,692627.77
ARTFRI,70b,12,33.5,1030,19,5192330.946,692627.67
ARTFRI,71b,2,41.5,1170,25,5192330.846,692627.251
ARTFRI,76b,6.5,40,630,16,5192336.689,692660.437
ARTFRI,e20,NA,NA,1200,25,5192338.098,692634.043
ARTFRI,74b,11.5,36,660,19,5192325.342,692644.17
ARTFRI,75b,8,37.5,790,21,5192328.777,692651.717
ARTFRI,40b,17,45.5,1340,25,5192327.091,692615.688
ARTFRI,41b,14.5,38.5,350,7,5192319.415,692611.708
ARTFRI,38b,9.5,25,630,29,5192325.952,692614.23
ARTFRI,39b,13,39,1690,62,5192326.006,692614.885
ARTFRI,32b,21.5,40,280,5,5192312.74,692605.81
ARTFRI,33b,16,41,210,7,5192315.08,692605.184
ARTFRI,34b,13.5,50.5,1530,28,5192321.912,692606.707
ARTFRI,31b,10,42,670,15,5192316.574,692608.299
ARTFRI,e3,12,24,70,NA,5192327.01,692613.717
ARTFRI,36b,7,21,100,4,5192327.052,692613.789
ARTFRI,37b,10,20.5,30,3,5192326.495,692614.695
ARTFRI,35b,13,35.5,200,6,5192326.636,692613.859
ARTFRI,45b,9,31.5,360,11,5192318.616,692613.441
ARTFRI,42b,11,50,1920,31,5192323.217,692619.333
ARTFRI,43b,6,13.5,230,5,5192324.849,692622.909
ARTFRI,49b,10.5,31.5,580,12,5192317.312,692615.207
ARTFRI,46b,12,29.5,560,27,5192318.111,692613.484
ARTFRI,47b,12,29,120,7,5192318.573,692614.742
ARTFRI,44b,8,38,620,17,5192318.749,692614.16
ARTFRI,48b,9.5,28,230,11,5192317.915,692615.012
ARTFRI,61b,13,30,290,12,5192317.601,692643.377
ARTFRI,57b,20,35,250,13,5192318.011,692633.321
ARTFRI,62b,10,22,80,4,5192309.023,692634.705
ARTFRI,63b,8,32,350,5,5192308.843,692634.91
ARTFRI,56b,10.5,39,2310,73,5192317.475,692630.688
ARTFRI,59b,6,39,450,12,5192322.125,692631.135
ARTFRI,60b,10,30,440,10,5192321.29,692631.499
ARTFRI,65b,10.5,32.5,610,12,5192308.226,692634.927
ARTFRI,66b,17,32,620,17,5192308.141,692634.9
ARTFRI,67b,3,29.5,670,13,5192308.181,692641.152
ARTFRI,58b,4,44.5,2150,63,5192322.524,692630.657
ARTFRI,69b,7,47,1210,29,5192307.87,692640.602
ARTFRI,55b,11.5,37.5,2120,51,5192316.682,692629.836
ARTFRI,51b,10,31.5,310,11,5192311.807,692622.993
ARTFRI,64b,8,39,1090,24,5192308.059,692634.346
ARTFRI,53b,8,37.5,1500,38,5192314.05,692620.32
ARTFRI,50b,18,35.5,80,2,5192311.45,692622.737
ARTFRI,68b,5.5,35,340,11,5192307.832,692640.844
ARTFRI,54b,11,34,180,3,5192313.358,692620.456
ARTFRI,52b,15,33,1200,26,5192312.025,692622.733
ARTFRI,271b,8,50,2270,28,5192360.7,692629.306
ARTFRI,272b,3,40,2870,49,5192382.607,692595.427
ARTFRI,270b,6,37,1280,38,5192360.03,692628.847
ARTFRI,269b,10,44,1920,50,5192350.145,692622.216
ARTFRI,e24,NA,NA,280,17,5192383.736,692624.861
ARTFRI,385b,8,37,670,20,5192421.353,692625.559
ARTFRI,383b,6,43,1080,58,5192420.726,692625.753
ARTFRI,384b,4,36,1100,66,5192420.7,692626.038
ARTFRI,273b,16,46,1870,63,5192393.608,692616.859
ARTFRI,376b,2,37,1260,40,5192412.29,692625.527
ARTFRI,386b,9,52.5,1350,39,5192421.201,692624.881
ARTFRI,387b,NA,NA,300,9,5192421.758,692624.617
ARTFRI,379b,1,7,80,1,5192411.636,692627.236
ARTFRI,e25,NA,31,840,37,5192412.14,692625.547
ARTFRI,382b,19,39,310,9,5192411.949,692627.675
ARTFRI,378b,1,43,3270,190,5192412.233,692626.404
ARTFRI,e26,NA,NA,270,9,5192415.537,692621.611
ARTFRI,380b,16,32,280,6,5192411.781,692627.423
ARTFRI,377b,13,NA,110,9,5192412.064,692625.557
ARTFRI,e27,NA,NA,120,3,5192421.8,692624.496
ARTFRI,381b,12,27,510,12,5192412.032,692627.638
ARTFRI,279b,19,39,430,17,5192454.253,692637.932
ARTFRI,277b,16,49,1290,49,5192454.473,692639.705
ARTFRI,278b,11,42,650,27,5192453.648,692636.086
ARTFRI,274b,13,28.5,340,29,5192433.847,692623.954
ARTFRI,276b,18,36,70,1,5192454.143,692639.397
ARTFRI,275b,14,35,200,9,5192434.208,692624.467
ARTFRI,368b,8,50,1280,78,5192406.974,692690.369
ARTFRI,367b,8,50,2430,53,5192402.735,692693.36
ARTFRI,371b,10,41,1230,48,5192412.623,692677.095
ARTFRI,369b,16,27,240,2,5192408.676,692693.257
ARTFRI,372b,8,58,5790,118,5192413.85,692676.904
ARTFRI,374b,15,42,490,17,5192416.583,692669.723
ARTFRI,370b,10,25,180,5,5192409.588,692692.42
ARTFRI,373b,2,36,2030,72,5192410.489,692691.439
ARTFRI,375b,18,42,580,32,5192418.729,692671.501
ARTFRI,224b,15,47,240,6,5192184.01,692716.936
ARTFRI,223b,20,44,360,17,5192185.268,692719.197
ARTFRI,221b,27,47,350,15,5192187.901,692715.075
ARTFRI,226b,15,45,540,15,5192183.142,692722.686
ARTFRI,225b,29,33,50,1,5192183.884,692717.196
ARTFRI,222b,16,47.5,580,12,5192185.681,692717.093
ARTFRI,220b,14,43,820,22,5192189.398,692716.605
ARTFRI,227b,6.5,39,370,12,5192181.889,692723.871
ARTFRI,357b,16,38,260,13,5192345.111,692753.305
ARTFRI,353b,16,42,170,7,5192346.406,692742.255
ARTFRI,356b,7,36,310,17,5192343.33,692753.333
ARTFRI,355b,4,33,450,24,5192343.613,692753.105
ARTFRI,345b,13,39,150,4,5192311.505,692757.629
ARTFRI,358b,10,16,20,1,5192346.271,692755.995
ARTFRI,359b,6,39,270,6,5192347.429,692755.924
ARTFRI,349b,23,34,260,10,5192330.397,692754.845
ARTFRI,346b,1,35,950,29,5192314.802,692756.898
ARTFRI,347b,14,36,11,3,5192314.457,692755.927
ARTFRI,348b,7,37,680,26,5192323.286,692754.131
ARTFRI,352b,20,37,380,11,5192346.54,692741.979
ARTFRI,350b,6,34,280,16,5192336.93,692754.633
ARTFRI,351b,18,28,35,2,5192338.553,692750.677
ARTFRI,354b,11,37,210,14,5192343.611,692752.72