Individual,Region,Sex,SVL,head_shape,region,location
1,Central,F,112.2,804.928074,RW1,0.018623
2,Central,F,90,722.469024,RW1,7.94e-4
3,Central,F,63.2,729.791172,RW1,-0.0317
4,Central,F,56.6,466.056972,RW1,-0.073112
5,Central,F,96.3,811.066081,RW1,0.006698
6,Central,F,88.2,946.360852,RW1,0.004251
7,Central,F,110,962.895852,RW1,0.018068
8,Central,F,89.2,805.818138,RW1,-0.029837
9,Central,F,106.5,960.545944,RW1,7.96e-4
10,Central,F,74.4,670.357113,RW1,0.026134
11,Central,F,83.4,808.202075,RW1,-0.018086
12,Central,F,100.9,1002.208643,RW1,-9.77e-4
13,Central,F,99.8,568.339192,RW1,-0.072988
14,Central,F,50.3,496.217005,RW1,-0.028203
15,East,F,57.3,464.117846,RW1,-0.009493
16,East,F,78.6,615.637977,RW1,0.020027
17,East,F,78.6,812.263689,RW1,-0.025741
18,East,F,55.9,643.97178,RW1,-0.052906
19,East,F,73.6,755.143488,RW1,0.020402
20,East,F,57.3,656.577666,RW1,0.010005
21,East,F,52.7,627.328429,RW1,-0.002843
22,East,F,78.4,588.499253,RW1,-0.031071
23,East,F,53.9,533.444403,RW1,-0.019649
24,East,F,76.8,698.330635,RW1,-0.001459
25,West,F,79.5,376.677564,RW1,0.017066
26,West,F,105.1,498.605865,RW1,0.058627
27,West,F,95,436.738085,RW1,-0.056799
28,West,F,109,513.735079,RW1,-0.03507
29,West,F,45.5,275.265341,RW1,-0.010183
30,West,F,78.3,396.903011,RW1,-0.007717
31,West,F,104,453.4962,RW1,0.050359
32,West,F,88.5,760.660458,RW1,-0.023977
33,West,F,68.1,743.689126,RW1,-0.014569
34,West,F,86.2,863.417958,RW1,0.018051
35,West,F,77.5,569.260851,RW1,-0.020942
36,West,F,78.9,1026.300084,RW1,0.022314
37,West,F,116.4,888.828929,RW1,0.011624
38,West,F,81.2,1181.868863,RW1,0.055645
39,West,F,76.6,400.123891,RW1,0.003549
40,West,F,51.6,449.384748,RW1,0.021308
41,West,F,81.7,752.901178,RW1,0.010519
42,West,F,111.8,774.789035,RW1,0.035986
43,West,F,88.6,631.127171,RW1,0.076577
44,West,F,108,430.205819,RW1,-0.048973
45,West,F,61.2,700.0916,RW1,-0.008868
46,West,F,101.9,455.704772,RW1,0.033945
47,West,F,99.5,440.073723,RW1,-0.031775
48,Central,M,88.3,703.64,RW1,-0.023541
49,Central,M,34.2,677.322333,RW1,-9.61e-4
50,Central,M,80.4,911.295421,RW1,0.012361
51,Central,M,89,939.061068,RW1,-0.032066
52,Central,M,58.1,625.089598,RW1,-0.020538
53,Central,M,84.6,821.974416,RW1,0.013944
54,Central,M,91.3,788.743894,RW1,0.001944
55,Central,M,90.9,636.551099,RW1,0.029248
56,Central,M,85.1,834.939056,RW1,0.015484
57,Central,M,78.2,663.463242,RW1,-0.02178
58,Central,M,84.1,550.938399,RW1,0.002815
59,Central,M,58.9,476.122943,RW1,0.031861
60,Central,M,81.1,587.912367,RW1,-0.023408
61,Central,M,52.2,644.817042,RW1,-0.024687
62,Central,M,59.8,582.824366,RW1,0.033456
63,East,M,77.5,681.916658,RW1,0.041612
64,East,M,56.2,494.302947,RW1,0.014737
65,East,M,50.4,499.835819,RW1,0.029653
66,East,M,56.7,464.601751,RW1,0.008711
67,East,M,47.9,500.718431,RW1,-0.00762
68,East,M,58,574.76124,RW1,-0.048175
69,East,M,73.5,654.421847,RW1,0.036116
70,East,M,83.6,812.274005,RW1,0.018814
71,East,M,51.4,812.030635,RW1,0.007062
72,East,M,51.2,632.064054,RW1,0.027126
73,East,M,77.9,587.289172,RW1,1.56e-4
74,East,M,82.8,786.409543,RW1,-0.016133
75,East,M,80.1,878.875995,RW1,-0.031312
76,East,M,69,667.517955,RW1,-0.019786
77,East,M,85.6,580.019971,RW1,0.007741
78,East,M,85.5,630.062267,RW1,0.041974
79,East,M,79.6,460.881764,RW1,7.33e-4
80,East,M,96.8,654.561643,RW1,-0.014134
81,West,M,79.2,380.197093,RW1,-0.007256
82,West,M,71.7,355.399677,RW1,0.001601
83,West,M,73,343.140866,RW1,-0.021504
84,West,M,88,393.244012,RW1,0.006108
85,West,M,49.2,700.56178,RW1,-0.003535
86,West,M,78.2,677.107359,RW1,-0.004644
87,West,M,60.4,499.517357,RW1,-0.018178
88,West,M,55.4,692.916215,RW1,0.024871
89,West,M,82,385.11846,RW1,-0.013212
90,West,M,95.1,1028.885435,RW1,0.026689
91,West,M,92.1,781.43769,RW1,-0.022529
92,West,M,76.1,837.565992,RW1,0.004921
93,West,M,55.8,771.999143,RW1,0.02712
94,West,M,92.2,1010.301148,RW1,-0.059309
95,West,M,69,369.722883,RW1,-0.019761
96,West,M,91,686.275155,RW1,-0.006508
97,West,M,82.1,396.765058,RW1,-0.011235
98,West,M,94.1,595.784915,RW1,-0.003524
99,West,M,92.4,615.486169,RW1,0.022038
100,West,M,83.3,911.927899,RW1,0.030587
101,West,M,82.3,622.754406,RW1,0.056893
102,West,M,52.3,686.417865,RW1,-0.02608
103,West,M,89.1,1040.188511,RW1,-0.015332
104,West,M,81.2,729.092593,RW1,-0.015338
105,West,M,100.1,710.057837,RW1,0.066546
106,West,M,81.4,585.924293,RW1,0.04223
107,West,M,45.7,586.344052,RW1,-0.037495
1,Central,F,112.2,804.928074,RW2,-0.00943
2,Central,F,90,722.469024,RW2,-0.018716
3,Central,F,63.2,729.791172,RW2,-0.00459
4,Central,F,56.6,466.056972,RW2,-0.044525
5,Central,F,96.3,811.066081,RW2,0.052963
6,Central,F,88.2,946.360852,RW2,0.002763
7,Central,F,110,962.895852,RW2,-0.014764
8,Central,F,89.2,805.818138,RW2,-0.028296
9,Central,F,106.5,960.545944,RW2,0.00522
10,Central,F,74.4,670.357113,RW2,0.014985
11,Central,F,83.4,808.202075,RW2,0.02533
12,Central,F,100.9,1002.208643,RW2,0.040249
13,Central,F,99.8,568.339192,RW2,-0.028747
14,Central,F,50.3,496.217005,RW2,0.028932
15,East,F,57.3,464.117846,RW2,-0.004422
16,East,F,78.6,615.637977,RW2,-0.059748
17,East,F,78.6,812.263689,RW2,0.011829
18,East,F,55.9,643.97178,RW2,-0.036387
19,East,F,73.6,755.143488,RW2,-0.015597
20,East,F,57.3,656.577666,RW2,0.011597
21,East,F,52.7,627.328429,RW2,-0.013377
22,East,F,78.4,588.499253,RW2,0.018979
23,East,F,53.9,533.444403,RW2,-0.003469
24,East,F,76.8,698.330635,RW2,0.0129
25,West,F,79.5,376.677564,RW2,0.004038
26,West,F,105.1,498.605865,RW2,0.025043
27,West,F,95,436.738085,RW2,0.004398
28,West,F,109,513.735079,RW2,0.043224
29,West,F,45.5,275.265341,RW2,-0.060489
30,West,F,78.3,396.903011,RW2,-0.005611
31,West,F,104,453.4962,RW2,-0.03007
32,West,F,88.5,760.660458,RW2,0.031129
33,West,F,68.1,743.689126,RW2,0.024681
34,West,F,86.2,863.417958,RW2,0.047484
35,West,F,77.5,569.260851,RW2,0.014521
36,West,F,78.9,1026.300084,RW2,0.003067
37,West,F,116.4,888.828929,RW2,-0.00405
38,West,F,81.2,1181.868863,RW2,0.00958
39,West,F,76.6,400.123891,RW2,-0.036071
40,West,F,51.6,449.384748,RW2,-0.090766
41,West,F,81.7,752.901178,RW2,0.026792
42,West,F,111.8,774.789035,RW2,-0.025962
43,West,F,88.6,631.127171,RW2,-0.032781
44,West,F,108,430.205819,RW2,-0.031217
45,West,F,61.2,700.0916,RW2,0.041377
46,West,F,101.9,455.704772,RW2,0.022221
47,West,F,99.5,440.073723,RW2,0.048578
48,Central,M,88.3,703.64,RW2,-0.032455
49,Central,M,34.2,677.322333,RW2,0.026208
50,Central,M,80.4,911.295421,RW2,-0.008757
51,Central,M,89,939.061068,RW2,0.003849
52,Central,M,58.1,625.089598,RW2,-0.021088
53,Central,M,84.6,821.974416,RW2,0.006954
54,Central,M,91.3,788.743894,RW2,0.029687
55,Central,M,90.9,636.551099,RW2,0.028249
56,Central,M,85.1,834.939056,RW2,0.029628
57,Central,M,78.2,663.463242,RW2,-0.004373
58,Central,M,84.1,550.938399,RW2,0.04397
59,Central,M,58.9,476.122943,RW2,0.020095
60,Central,M,81.1,587.912367,RW2,0.00621
61,Central,M,52.2,644.817042,RW2,0.025492
62,Central,M,59.8,582.824366,RW2,0.010583
63,East,M,77.5,681.916658,RW2,0.016288
64,East,M,56.2,494.302947,RW2,-0.037028
65,East,M,50.4,499.835819,RW2,-0.00504
66,East,M,56.7,464.601751,RW2,-0.040102
67,East,M,47.9,500.718431,RW2,-0.019412
68,East,M,58,574.76124,RW2,-0.023326
69,East,M,73.5,654.421847,RW2,0.004862
70,East,M,83.6,812.274005,RW2,-0.023031
71,East,M,51.4,812.030635,RW2,0.013072
72,East,M,51.2,632.064054,RW2,-0.025898
73,East,M,77.9,587.289172,RW2,0.036817
74,East,M,82.8,786.409543,RW2,6.71e-4
75,East,M,80.1,878.875995,RW2,0.017604
76,East,M,69,667.517955,RW2,0.031115
77,East,M,85.6,580.019971,RW2,-0.02068
78,East,M,85.5,630.062267,RW2,-0.014253
79,East,M,79.6,460.881764,RW2,0.001837
80,East,M,96.8,654.561643,RW2,0.015729
81,West,M,79.2,380.197093,RW2,-0.010753
82,West,M,71.7,355.399677,RW2,0.036461
83,West,M,73,343.140866,RW2,0.042805
84,West,M,88,393.244012,RW2,0.029136
85,West,M,49.2,700.56178,RW2,-0.010413
86,West,M,78.2,677.107359,RW2,0.005626
87,West,M,60.4,499.517357,RW2,-0.020741
88,West,M,55.4,692.916215,RW2,-0.006499
89,West,M,82,385.11846,RW2,0.051041
90,West,M,95.1,1028.885435,RW2,-0.002045
91,West,M,92.1,781.43769,RW2,-0.026959
92,West,M,76.1,837.565992,RW2,-0.041734
93,West,M,55.8,771.999143,RW2,-0.009693
94,West,M,92.2,1010.301148,RW2,-0.02075
95,West,M,69,369.722883,RW2,-0.015376
96,West,M,91,686.275155,RW2,-0.014912
97,West,M,82.1,396.765058,RW2,0.049747
98,West,M,94.1,595.784915,RW2,0.001509
99,West,M,92.4,615.486169,RW2,-0.001336
100,West,M,83.3,911.927899,RW2,-0.029403
101,West,M,82.3,622.754406,RW2,0.02
102,West,M,52.3,686.417865,RW2,-0.028634
103,West,M,89.1,1040.188511,RW2,-0.010495
104,West,M,81.2,729.092593,RW2,-0.005259
105,West,M,100.1,710.057837,RW2,-0.001492
106,West,M,81.4,585.924293,RW2,-0.035003
107,West,M,45.7,586.344052,RW2,-0.011098
1,Central,F,112.2,804.928074,RW3,0.00358
2,Central,F,90,722.469024,RW3,-0.045972
3,Central,F,63.2,729.791172,RW3,-0.027176
4,Central,F,56.6,466.056972,RW3,-0.025437
5,Central,F,96.3,811.066081,RW3,-0.048445
6,Central,F,88.2,946.360852,RW3,0.011969
7,Central,F,110,962.895852,RW3,0.0128
8,Central,F,89.2,805.818138,RW3,0.063319
9,Central,F,106.5,960.545944,RW3,0.049998
10,Central,F,74.4,670.357113,RW3,-0.044012
11,Central,F,83.4,808.202075,RW3,-0.001865
12,Central,F,100.9,1002.208643,RW3,0.010773
13,Central,F,99.8,568.339192,RW3,0.001509
14,Central,F,50.3,496.217005,RW3,0.015711
15,East,F,57.3,464.117846,RW3,0.004015
16,East,F,78.6,615.637977,RW3,0.007904
17,East,F,78.6,812.263689,RW3,-0.018848
18,East,F,55.9,643.97178,RW3,0.013798
19,East,F,73.6,755.143488,RW3,0.003621
20,East,F,57.3,656.577666,RW3,-0.035371
21,East,F,52.7,627.328429,RW3,0.009339
22,East,F,78.4,588.499253,RW3,-0.003841
23,East,F,53.9,533.444403,RW3,-0.007648
24,East,F,76.8,698.330635,RW3,0.025346
25,West,F,79.5,376.677564,RW3,-0.034613
26,West,F,105.1,498.605865,RW3,0.035405
27,West,F,95,436.738085,RW3,-0.001235
28,West,F,109,513.735079,RW3,-0.022354
29,West,F,45.5,275.265341,RW3,0.008884
30,West,F,78.3,396.903011,RW3,0.013685
31,West,F,104,453.4962,RW3,-0.004511
32,West,F,88.5,760.660458,RW3,-0.010679
33,West,F,68.1,743.689126,RW3,-0.003533
34,West,F,86.2,863.417958,RW3,0.006098
35,West,F,77.5,569.260851,RW3,0.016216
36,West,F,78.9,1026.300084,RW3,0.010114
37,West,F,116.4,888.828929,RW3,-0.032105
38,West,F,81.2,1181.868863,RW3,0.017004
39,West,F,76.6,400.123891,RW3,-0.02206
40,West,F,51.6,449.384748,RW3,-0.057336
41,West,F,81.7,752.901178,RW3,0.045501
42,West,F,111.8,774.789035,RW3,-0.014057
43,West,F,88.6,631.127171,RW3,0.031226
44,West,F,108,430.205819,RW3,0.044679
45,West,F,61.2,700.0916,RW3,-1.3e-5
46,West,F,101.9,455.704772,RW3,-0.008426
47,West,F,99.5,440.073723,RW3,-0.02552
48,Central,M,88.3,703.64,RW3,-0.011827
49,Central,M,34.2,677.322333,RW3,-0.033215
50,Central,M,80.4,911.295421,RW3,0.015372
51,Central,M,89,939.061068,RW3,0.048346
52,Central,M,58.1,625.089598,RW3,0.013038
53,Central,M,84.6,821.974416,RW3,-0.007768
54,Central,M,91.3,788.743894,RW3,0.012851
55,Central,M,90.9,636.551099,RW3,-0.013155
56,Central,M,85.1,834.939056,RW3,0.007291
57,Central,M,78.2,663.463242,RW3,-0.004824
58,Central,M,84.1,550.938399,RW3,-0.030485
59,Central,M,58.9,476.122943,RW3,-0.038677
60,Central,M,81.1,587.912367,RW3,-0.006444
61,Central,M,52.2,644.817042,RW3,0.012394
62,Central,M,59.8,582.824366,RW3,0.011925
63,East,M,77.5,681.916658,RW3,-0.007472
64,East,M,56.2,494.302947,RW3,-0.033071
65,East,M,50.4,499.835819,RW3,0.004441
66,East,M,56.7,464.601751,RW3,-0.028055
67,East,M,47.9,500.718431,RW3,-0.037983
68,East,M,58,574.76124,RW3,-6.41e-4
69,East,M,73.5,654.421847,RW3,0.022537
70,East,M,83.6,812.274005,RW3,-0.030791
71,East,M,51.4,812.030635,RW3,-0.004212
72,East,M,51.2,632.064054,RW3,0.007263
73,East,M,77.9,587.289172,RW3,0.012042
74,East,M,82.8,786.409543,RW3,0.008925
75,East,M,80.1,878.875995,RW3,-0.016762
76,East,M,69,667.517955,RW3,0.001484
77,East,M,85.6,580.019971,RW3,-0.002629
78,East,M,85.5,630.062267,RW3,-0.00904
79,East,M,79.6,460.881764,RW3,0.025878
80,East,M,96.8,654.561643,RW3,0.012687
81,West,M,79.2,380.197093,RW3,0.032663
82,West,M,71.7,355.399677,RW3,-0.009235
83,West,M,73,343.140866,RW3,-6.9e-4
84,West,M,88,393.244012,RW3,0.025235
85,West,M,49.2,700.56178,RW3,-0.001863
86,West,M,78.2,677.107359,RW3,0.009804
87,West,M,60.4,499.517357,RW3,-0.01298
88,West,M,55.4,692.916215,RW3,0.024951
89,West,M,82,385.11846,RW3,-0.008949
90,West,M,95.1,1028.885435,RW3,0.026445
91,West,M,92.1,781.43769,RW3,0.027604
92,West,M,76.1,837.565992,RW3,-0.047934
93,West,M,55.8,771.999143,RW3,-0.007939
94,West,M,92.2,1010.301148,RW3,0.005931
95,West,M,69,369.722883,RW3,-0.014373
96,West,M,91,686.275155,RW3,0.045085
97,West,M,82.1,396.765058,RW3,-0.001646
98,West,M,94.1,595.784915,RW3,-0.008295
99,West,M,92.4,615.486169,RW3,-0.023856
100,West,M,83.3,911.927899,RW3,0.037059
101,West,M,82.3,622.754406,RW3,-0.014973
102,West,M,52.3,686.417865,RW3,-0.002648
103,West,M,89.1,1040.188511,RW3,0.0105
104,West,M,81.2,729.092593,RW3,0.003756
105,West,M,100.1,710.057837,RW3,0.017812
106,West,M,81.4,585.924293,RW3,0.021477
107,West,M,45.7,586.344052,RW3,2.04e-4
1,Central,F,112.2,804.928074,RW4,-0.023878
2,Central,F,90,722.469024,RW4,-0.003305
3,Central,F,63.2,729.791172,RW4,0.004886
4,Central,F,56.6,466.056972,RW4,-0.010391
5,Central,F,96.3,811.066081,RW4,0.005812
6,Central,F,88.2,946.360852,RW4,0.013248
7,Central,F,110,962.895852,RW4,0.005227
8,Central,F,89.2,805.818138,RW4,0.00674
9,Central,F,106.5,960.545944,RW4,0.014863
10,Central,F,74.4,670.357113,RW4,0.018135
11,Central,F,83.4,808.202075,RW4,-0.002689
12,Central,F,100.9,1002.208643,RW4,-0.009843
13,Central,F,99.8,568.339192,RW4,-0.024344
14,Central,F,50.3,496.217005,RW4,0.014872
15,East,F,57.3,464.117846,RW4,-0.01172
16,East,F,78.6,615.637977,RW4,0.056423
17,East,F,78.6,812.263689,RW4,0.001679
18,East,F,55.9,643.97178,RW4,1.12e-4
19,East,F,73.6,755.143488,RW4,0.001679
20,East,F,57.3,656.577666,RW4,0.026005
21,East,F,52.7,627.328429,RW4,-0.002092
22,East,F,78.4,588.499253,RW4,0.010675
23,East,F,53.9,533.444403,RW4,0.023458
24,East,F,76.8,698.330635,RW4,-0.006327
25,West,F,79.5,376.677564,RW4,-0.027407
26,West,F,105.1,498.605865,RW4,-0.055594
27,West,F,95,436.738085,RW4,0.003636
28,West,F,109,513.735079,RW4,0.008998
29,West,F,45.5,275.265341,RW4,0.001919
30,West,F,78.3,396.903011,RW4,-0.00965
31,West,F,104,453.4962,RW4,-0.002674
32,West,F,88.5,760.660458,RW4,0.002268
33,West,F,68.1,743.689126,RW4,-0.011358
34,West,F,86.2,863.417958,RW4,0.013116
35,West,F,77.5,569.260851,RW4,0.008062
36,West,F,78.9,1026.300084,RW4,0.007748
37,West,F,116.4,888.828929,RW4,-0.02247
38,West,F,81.2,1181.868863,RW4,0.022568
39,West,F,76.6,400.123891,RW4,0.006398
40,West,F,51.6,449.384748,RW4,-0.00408
41,West,F,81.7,752.901178,RW4,-0.01267
42,West,F,111.8,774.789035,RW4,0.001454
43,West,F,88.6,631.127171,RW4,-0.013447
44,West,F,108,430.205819,RW4,-0.031937
45,West,F,61.2,700.0916,RW4,0.00843
46,West,F,101.9,455.704772,RW4,-0.014924
47,West,F,99.5,440.073723,RW4,-0.002445
48,Central,M,88.3,703.64,RW4,-0.006954
49,Central,M,34.2,677.322333,RW4,0.005866
50,Central,M,80.4,911.295421,RW4,0.014256
51,Central,M,89,939.061068,RW4,-0.013513
52,Central,M,58.1,625.089598,RW4,0.002712
53,Central,M,84.6,821.974416,RW4,0.012001
54,Central,M,91.3,788.743894,RW4,0.005411
55,Central,M,90.9,636.551099,RW4,-0.008476
56,Central,M,85.1,834.939056,RW4,0.008434
57,Central,M,78.2,663.463242,RW4,-0.010856
58,Central,M,84.1,550.938399,RW4,-0.00692
59,Central,M,58.9,476.122943,RW4,-0.001793
60,Central,M,81.1,587.912367,RW4,-0.012048
61,Central,M,52.2,644.817042,RW4,0.025726
62,Central,M,59.8,582.824366,RW4,-2.12e-4
63,East,M,77.5,681.916658,RW4,-0.031823
64,East,M,56.2,494.302947,RW4,-0.002279
65,East,M,50.4,499.835819,RW4,0.014612
66,East,M,56.7,464.601751,RW4,0.029586
67,East,M,47.9,500.718431,RW4,-0.016635
68,East,M,58,574.76124,RW4,0.008506
69,East,M,73.5,654.421847,RW4,0.006044
70,East,M,83.6,812.274005,RW4,0.005668
71,East,M,51.4,812.030635,RW4,0.022622
72,East,M,51.2,632.064054,RW4,0.026586
73,East,M,77.9,587.289172,RW4,5.88e-4
74,East,M,82.8,786.409543,RW4,-0.006919
75,East,M,80.1,878.875995,RW4,-0.007197
76,East,M,69,667.517955,RW4,0.005673
77,East,M,85.6,580.019971,RW4,-0.015567
78,East,M,85.5,630.062267,RW4,-0.011386
79,East,M,79.6,460.881764,RW4,0.008476
80,East,M,96.8,654.561643,RW4,-0.030991
81,West,M,79.2,380.197093,RW4,0.005627
82,West,M,71.7,355.399677,RW4,-0.003676
83,West,M,73,343.140866,RW4,0.011558
84,West,M,88,393.244012,RW4,-0.008734
85,West,M,49.2,700.56178,RW4,-0.016721
86,West,M,78.2,677.107359,RW4,-0.011544
87,West,M,60.4,499.517357,RW4,0.021906
88,West,M,55.4,692.916215,RW4,0.017037
89,West,M,82,385.11846,RW4,0.016374
90,West,M,95.1,1028.885435,RW4,0.016679
91,West,M,92.1,781.43769,RW4,-0.026161
92,West,M,76.1,837.565992,RW4,0.001781
93,West,M,55.8,771.999143,RW4,-9.59e-4
94,West,M,92.2,1010.301148,RW4,-0.01517
95,West,M,69,369.722883,RW4,0.005612
96,West,M,91,686.275155,RW4,0.033188
97,West,M,82.1,396.765058,RW4,0.019154
98,West,M,94.1,595.784915,RW4,-0.023554
99,West,M,92.4,615.486169,RW4,-0.030787
100,West,M,83.3,911.927899,RW4,0.017704
101,West,M,82.3,622.754406,RW4,-0.01174
102,West,M,52.3,686.417865,RW4,0.030359
103,West,M,89.1,1040.188511,RW4,-0.021505
104,West,M,81.2,729.092593,RW4,-0.007877
105,West,M,100.1,710.057837,RW4,0.01345
106,West,M,81.4,585.924293,RW4,-0.033895
107,West,M,45.7,586.344052,RW4,-0.002473
1,Central,F,112.2,804.928074,RW5,-0.017728
2,Central,F,90,722.469024,RW5,0.00147
3,Central,F,63.2,729.791172,RW5,0.013184
4,Central,F,56.6,466.056972,RW5,-0.004279
5,Central,F,96.3,811.066081,RW5,-0.001807
6,Central,F,88.2,946.360852,RW5,0.004625
7,Central,F,110,962.895852,RW5,0.021543
8,Central,F,89.2,805.818138,RW5,-0.002543
9,Central,F,106.5,960.545944,RW5,7.34e-4
10,Central,F,74.4,670.357113,RW5,-0.009549
11,Central,F,83.4,808.202075,RW5,0.006437
12,Central,F,100.9,1002.208643,RW5,0.017077
13,Central,F,99.8,568.339192,RW5,0.001791
14,Central,F,50.3,496.217005,RW5,-0.004461
15,East,F,57.3,464.117846,RW5,-0.016484
16,East,F,78.6,615.637977,RW5,0.004888
17,East,F,78.6,812.263689,RW5,0.024492
18,East,F,55.9,643.97178,RW5,-9.69e-4
19,East,F,73.6,755.143488,RW5,-0.006058
20,East,F,57.3,656.577666,RW5,-0.008101
21,East,F,52.7,627.328429,RW5,-4.98e-4
22,East,F,78.4,588.499253,RW5,0.004052
23,East,F,53.9,533.444403,RW5,0.01535
24,East,F,76.8,698.330635,RW5,0.005822
25,West,F,79.5,376.677564,RW5,-0.009205
26,West,F,105.1,498.605865,RW5,0.019072
27,West,F,95,436.738085,RW5,-0.002723
28,West,F,109,513.735079,RW5,0.0017
29,West,F,45.5,275.265341,RW5,-0.027527
30,West,F,78.3,396.903011,RW5,0.01202
31,West,F,104,453.4962,RW5,0.014147
32,West,F,88.5,760.660458,RW5,-0.018188
33,West,F,68.1,743.689126,RW5,0.007478
34,West,F,86.2,863.417958,RW5,-0.00641
35,West,F,77.5,569.260851,RW5,0.015989
36,West,F,78.9,1026.300084,RW5,0.01454
37,West,F,116.4,888.828929,RW5,0.003683
38,West,F,81.2,1181.868863,RW5,0.001119
39,West,F,76.6,400.123891,RW5,0.035771
40,West,F,51.6,449.384748,RW5,0.003191
41,West,F,81.7,752.901178,RW5,-0.016158
42,West,F,111.8,774.789035,RW5,0.022366
43,West,F,88.6,631.127171,RW5,-0.009828
44,West,F,108,430.205819,RW5,-0.001675
45,West,F,61.2,700.0916,RW5,1.98e-4
46,West,F,101.9,455.704772,RW5,0.011443
47,West,F,99.5,440.073723,RW5,0.014578
48,Central,M,88.3,703.64,RW5,0.001145
49,Central,M,34.2,677.322333,RW5,-8.18e-4
50,Central,M,80.4,911.295421,RW5,0.004274
51,Central,M,89,939.061068,RW5,-0.004017
52,Central,M,58.1,625.089598,RW5,-0.004861
53,Central,M,84.6,821.974416,RW5,0.002792
54,Central,M,91.3,788.743894,RW5,0.010776
55,Central,M,90.9,636.551099,RW5,-0.006119
56,Central,M,85.1,834.939056,RW5,-0.015542
57,Central,M,78.2,663.463242,RW5,-0.002611
58,Central,M,84.1,550.938399,RW5,-0.018363
59,Central,M,58.9,476.122943,RW5,-0.012415
60,Central,M,81.1,587.912367,RW5,-0.006944
61,Central,M,52.2,644.817042,RW5,0.013269
62,Central,M,59.8,582.824366,RW5,-0.029215
63,East,M,77.5,681.916658,RW5,0.017942
64,East,M,56.2,494.302947,RW5,-2.42e-4
65,East,M,50.4,499.835819,RW5,-0.010659
66,East,M,56.7,464.601751,RW5,-0.014689
67,East,M,47.9,500.718431,RW5,-0.012203
68,East,M,58,574.76124,RW5,0.001922
69,East,M,73.5,654.421847,RW5,-0.004851
70,East,M,83.6,812.274005,RW5,-0.002624
71,East,M,51.4,812.030635,RW5,-0.008853
72,East,M,51.2,632.064054,RW5,-0.007395
73,East,M,77.9,587.289172,RW5,-0.005002
74,East,M,82.8,786.409543,RW5,0.003806
75,East,M,80.1,878.875995,RW5,-0.005466
76,East,M,69,667.517955,RW5,0.017896
77,East,M,85.6,580.019971,RW5,-0.01751
78,East,M,85.5,630.062267,RW5,-0.013901
79,East,M,79.6,460.881764,RW5,-0.010478
80,East,M,96.8,654.561643,RW5,-0.025765
81,West,M,79.2,380.197093,RW5,0.016683
82,West,M,71.7,355.399677,RW5,0.001906
83,West,M,73,343.140866,RW5,-0.001352
84,West,M,88,393.244012,RW5,-0.009478
85,West,M,49.2,700.56178,RW5,-0.013123
86,West,M,78.2,677.107359,RW5,0.012842
87,West,M,60.4,499.517357,RW5,-0.0095
88,West,M,55.4,692.916215,RW5,0.006956
89,West,M,82,385.11846,RW5,-0.003914
90,West,M,95.1,1028.885435,RW5,0.017995
91,West,M,92.1,781.43769,RW5,-0.005482
92,West,M,76.1,837.565992,RW5,0.004726
93,West,M,55.8,771.999143,RW5,-0.010303
94,West,M,92.2,1010.301148,RW5,-0.00424
95,West,M,69,369.722883,RW5,-0.004247
96,West,M,91,686.275155,RW5,-0.007287
97,West,M,82.1,396.765058,RW5,-0.007143
98,West,M,94.1,595.784915,RW5,0.006223
99,West,M,92.4,615.486169,RW5,0.022158
100,West,M,83.3,911.927899,RW5,-0.005256
101,West,M,82.3,622.754406,RW5,-0.004798
102,West,M,52.3,686.417865,RW5,0.006719
103,West,M,89.1,1040.188511,RW5,1.9e-4
104,West,M,81.2,729.092593,RW5,0.002249
105,West,M,100.1,710.057837,RW5,0.003251
106,West,M,81.4,585.924293,RW5,0.01167
107,West,M,45.7,586.344052,RW5,0.004708
1,Central,F,112.2,804.928074,RW6,-0.007393
2,Central,F,90,722.469024,RW6,-0.002961
3,Central,F,63.2,729.791172,RW6,-0.00244
4,Central,F,56.6,466.056972,RW6,0.017118
5,Central,F,96.3,811.066081,RW6,0.003558
6,Central,F,88.2,946.360852,RW6,0.006112
7,Central,F,110,962.895852,RW6,-0.001822
8,Central,F,89.2,805.818138,RW6,0.002209
9,Central,F,106.5,960.545944,RW6,0.014169
10,Central,F,74.4,670.357113,RW6,8.9e-5
11,Central,F,83.4,808.202075,RW6,0.006523
12,Central,F,100.9,1002.208643,RW6,0.012768
13,Central,F,99.8,568.339192,RW6,0.00695
14,Central,F,50.3,496.217005,RW6,1.55e-4
15,East,F,57.3,464.117846,RW6,0.003404
16,East,F,78.6,615.637977,RW6,-0.01033
17,East,F,78.6,812.263689,RW6,-0.011625
18,East,F,55.9,643.97178,RW6,-0.001768
19,East,F,73.6,755.143488,RW6,0.0037
20,East,F,57.3,656.577666,RW6,0.009966
21,East,F,52.7,627.328429,RW6,-0.015775
22,East,F,78.4,588.499253,RW6,0.007948
23,East,F,53.9,533.444403,RW6,1.17e-4
24,East,F,76.8,698.330635,RW6,0.017679
25,West,F,79.5,376.677564,RW6,-0.011863
26,West,F,105.1,498.605865,RW6,-0.009164
27,West,F,95,436.738085,RW6,0.013288
28,West,F,109,513.735079,RW6,7.9e-4
29,West,F,45.5,275.265341,RW6,-0.005434
30,West,F,78.3,396.903011,RW6,-0.02474
31,West,F,104,453.4962,RW6,-6.95e-4
32,West,F,88.5,760.660458,RW6,-0.008475
33,West,F,68.1,743.689126,RW6,-0.013877
34,West,F,86.2,863.417958,RW6,-0.013214
35,West,F,77.5,569.260851,RW6,0.002409
36,West,F,78.9,1026.300084,RW6,-0.012353
37,West,F,116.4,888.828929,RW6,0.001096
38,West,F,81.2,1181.868863,RW6,5.1e-4
39,West,F,76.6,400.123891,RW6,7.62e-4
40,West,F,51.6,449.384748,RW6,0.003388
41,West,F,81.7,752.901178,RW6,-0.005474
42,West,F,111.8,774.789035,RW6,-0.018191
43,West,F,88.6,631.127171,RW6,-0.003704
44,West,F,108,430.205819,RW6,-0.006697
45,West,F,61.2,700.0916,RW6,-0.014542
46,West,F,101.9,455.704772,RW6,-0.001437
47,West,F,99.5,440.073723,RW6,0.005383
48,Central,M,88.3,703.64,RW6,-0.003342
49,Central,M,34.2,677.322333,RW6,0.007292
50,Central,M,80.4,911.295421,RW6,3.99e-4
51,Central,M,89,939.061068,RW6,0.011544
52,Central,M,58.1,625.089598,RW6,-0.006148
53,Central,M,84.6,821.974416,RW6,-0.007142
54,Central,M,91.3,788.743894,RW6,0.018341
55,Central,M,90.9,636.551099,RW6,-0.001383
56,Central,M,85.1,834.939056,RW6,-0.003117
57,Central,M,78.2,663.463242,RW6,-3e-4
58,Central,M,84.1,550.938399,RW6,4.37e-4
59,Central,M,58.9,476.122943,RW6,0.013374
60,Central,M,81.1,587.912367,RW6,0.006775
61,Central,M,52.2,644.817042,RW6,0.004142
62,Central,M,59.8,582.824366,RW6,0.009626
63,East,M,77.5,681.916658,RW6,0.02174
64,East,M,56.2,494.302947,RW6,0.016725
65,East,M,50.4,499.835819,RW6,0.001093
66,East,M,56.7,464.601751,RW6,-0.001416
67,East,M,47.9,500.718431,RW6,0.003775
68,East,M,58,574.76124,RW6,-8.64e-4
69,East,M,73.5,654.421847,RW6,0.007767
70,East,M,83.6,812.274005,RW6,-0.001111
71,East,M,51.4,812.030635,RW6,-0.011449
72,East,M,51.2,632.064054,RW6,0.020633
73,East,M,77.9,587.289172,RW6,0.001141
74,East,M,82.8,786.409543,RW6,0.011244
75,East,M,80.1,878.875995,RW6,-0.010494
76,East,M,69,667.517955,RW6,-0.018285
77,East,M,85.6,580.019971,RW6,-0.002332
78,East,M,85.5,630.062267,RW6,0.003525
79,East,M,79.6,460.881764,RW6,5.9e-5
80,East,M,96.8,654.561643,RW6,-0.007376
81,West,M,79.2,380.197093,RW6,-0.009125
82,West,M,71.7,355.399677,RW6,-0.001586
83,West,M,73,343.140866,RW6,-0.021424
84,West,M,88,393.244012,RW6,0.019224
85,West,M,49.2,700.56178,RW6,-0.012323
86,West,M,78.2,677.107359,RW6,0.013596
87,West,M,60.4,499.517357,RW6,0.004891
88,West,M,55.4,692.916215,RW6,0.012761
89,West,M,82,385.11846,RW6,-0.003774
90,West,M,95.1,1028.885435,RW6,0.001439
91,West,M,92.1,781.43769,RW6,-0.012404
92,West,M,76.1,837.565992,RW6,-0.00858
93,West,M,55.8,771.999143,RW6,0.007409
94,West,M,92.2,1010.301148,RW6,-0.010634
95,West,M,69,369.722883,RW6,-0.009152
96,West,M,91,686.275155,RW6,-0.001528
97,West,M,82.1,396.765058,RW6,0.001142
98,West,M,94.1,595.784915,RW6,0.005632
99,West,M,92.4,615.486169,RW6,0.011173
100,West,M,83.3,911.927899,RW6,0.002535
101,West,M,82.3,622.754406,RW6,-0.010909
102,West,M,52.3,686.417865,RW6,2.3e-5
103,West,M,89.1,1040.188511,RW6,-3.84e-4
104,West,M,81.2,729.092593,RW6,-0.001883
105,West,M,100.1,710.057837,RW6,-0.009785
106,West,M,81.4,585.924293,RW6,0.004866
107,West,M,45.7,586.344052,RW6,0.007805
1,Central,F,112.2,804.928074,RW7,-9.36e-4
2,Central,F,90,722.469024,RW7,-0.007875
3,Central,F,63.2,729.791172,RW7,-0.00751
4,Central,F,56.6,466.056972,RW7,-0.002376
5,Central,F,96.3,811.066081,RW7,-5.69e-4
6,Central,F,88.2,946.360852,RW7,-0.009446
7,Central,F,110,962.895852,RW7,0.003193
8,Central,F,89.2,805.818138,RW7,7.48e-4
9,Central,F,106.5,960.545944,RW7,0.006592
10,Central,F,74.4,670.357113,RW7,-0.002498
11,Central,F,83.4,808.202075,RW7,-0.005331
12,Central,F,100.9,1002.208643,RW7,0.001877
13,Central,F,99.8,568.339192,RW7,-0.009524
14,Central,F,50.3,496.217005,RW7,2.96e-4
15,East,F,57.3,464.117846,RW7,0.006827
16,East,F,78.6,615.637977,RW7,-0.013954
17,East,F,78.6,812.263689,RW7,-0.006946
18,East,F,55.9,643.97178,RW7,3.98e-4
19,East,F,73.6,755.143488,RW7,0.002742
20,East,F,57.3,656.577666,RW7,-4.82e-4
21,East,F,52.7,627.328429,RW7,-4.95e-4
22,East,F,78.4,588.499253,RW7,-0.005018
23,East,F,53.9,533.444403,RW7,-0.008273
24,East,F,76.8,698.330635,RW7,-0.003019
25,West,F,79.5,376.677564,RW7,-0.004107
26,West,F,105.1,498.605865,RW7,0.004274
27,West,F,95,436.738085,RW7,-0.001531
28,West,F,109,513.735079,RW7,0.010933
29,West,F,45.5,275.265341,RW7,0.006741
30,West,F,78.3,396.903011,RW7,-0.00606
31,West,F,104,453.4962,RW7,-2.68e-4
32,West,F,88.5,760.660458,RW7,0.005069
33,West,F,68.1,743.689126,RW7,-0.00125
34,West,F,86.2,863.417958,RW7,2.8e-5
35,West,F,77.5,569.260851,RW7,-0.008701
36,West,F,78.9,1026.300084,RW7,0.019833
37,West,F,116.4,888.828929,RW7,-0.004948
38,West,F,81.2,1181.868863,RW7,-0.004558
39,West,F,76.6,400.123891,RW7,0.02278
40,West,F,51.6,449.384748,RW7,-0.002029
41,West,F,81.7,752.901178,RW7,-0.010892
42,West,F,111.8,774.789035,RW7,0.011606
43,West,F,88.6,631.127171,RW7,0.007441
44,West,F,108,430.205819,RW7,-0.010529
45,West,F,61.2,700.0916,RW7,0.001103
46,West,F,101.9,455.704772,RW7,-0.018504
47,West,F,99.5,440.073723,RW7,-0.001035
48,Central,M,88.3,703.64,RW7,-2.85e-4
49,Central,M,34.2,677.322333,RW7,5.09e-4
50,Central,M,80.4,911.295421,RW7,-0.006433
51,Central,M,89,939.061068,RW7,-0.001706
52,Central,M,58.1,625.089598,RW7,0.011145
53,Central,M,84.6,821.974416,RW7,-2.31e-4
54,Central,M,91.3,788.743894,RW7,0.013118
55,Central,M,90.9,636.551099,RW7,0.006638
56,Central,M,85.1,834.939056,RW7,-0.001313
57,Central,M,78.2,663.463242,RW7,-0.001888
58,Central,M,84.1,550.938399,RW7,0.011495
59,Central,M,58.9,476.122943,RW7,1.03e-4
60,Central,M,81.1,587.912367,RW7,0.007654
61,Central,M,52.2,644.817042,RW7,0.003647
62,Central,M,59.8,582.824366,RW7,-0.003432
63,East,M,77.5,681.916658,RW7,-0.00719
64,East,M,56.2,494.302947,RW7,0.008292
65,East,M,50.4,499.835819,RW7,-0.008425
66,East,M,56.7,464.601751,RW7,-0.005785
67,East,M,47.9,500.718431,RW7,-0.003606
68,East,M,58,574.76124,RW7,-0.00629
69,East,M,73.5,654.421847,RW7,-0.009123
70,East,M,83.6,812.274005,RW7,-0.002294
71,East,M,51.4,812.030635,RW7,0.003816
72,East,M,51.2,632.064054,RW7,-0.008057
73,East,M,77.9,587.289172,RW7,0.009418
74,East,M,82.8,786.409543,RW7,9.48e-4
75,East,M,80.1,878.875995,RW7,0.006012
76,East,M,69,667.517955,RW7,-0.009101
77,East,M,85.6,580.019971,RW7,-0.002136
78,East,M,85.5,630.062267,RW7,0.001995
79,East,M,79.6,460.881764,RW7,0.011432
80,East,M,96.8,654.561643,RW7,0.012291
81,West,M,79.2,380.197093,RW7,0.012796
82,West,M,71.7,355.399677,RW7,-0.021174
83,West,M,73,343.140866,RW7,-0.001135
84,West,M,88,393.244012,RW7,-0.002416
85,West,M,49.2,700.56178,RW7,0.003583
86,West,M,78.2,677.107359,RW7,-9.29e-4
87,West,M,60.4,499.517357,RW7,7.86e-4
88,West,M,55.4,692.916215,RW7,0.001178
89,West,M,82,385.11846,RW7,-4.62e-4
90,West,M,95.1,1028.885435,RW7,-0.007772
91,West,M,92.1,781.43769,RW7,-0.008795
92,West,M,76.1,837.565992,RW7,2.51e-4
93,West,M,55.8,771.999143,RW7,2.66e-4
94,West,M,92.2,1010.301148,RW7,-0.007898
95,West,M,69,369.722883,RW7,0.015841
96,West,M,91,686.275155,RW7,0.00144
97,West,M,82.1,396.765058,RW7,0.007549
98,West,M,94.1,595.784915,RW7,-0.002906
99,West,M,92.4,615.486169,RW7,0.007726
100,West,M,83.3,911.927899,RW7,0.001942
101,West,M,82.3,622.754406,RW7,-0.007371
102,West,M,52.3,686.417865,RW7,0.007986
103,West,M,89.1,1040.188511,RW7,-0.002906
104,West,M,81.2,729.092593,RW7,0.001985
105,West,M,100.1,710.057837,RW7,-0.003427
106,West,M,81.4,585.924293,RW7,0.004656
107,West,M,45.7,586.344052,RW7,0.01417
1,Central,F,112.2,804.928074,RW8,0.011959
2,Central,F,90,722.469024,RW8,0.013914
3,Central,F,63.2,729.791172,RW8,0.013828
4,Central,F,56.6,466.056972,RW8,-8.79e-4
5,Central,F,96.3,811.066081,RW8,-3e-6
6,Central,F,88.2,946.360852,RW8,0.009475
7,Central,F,110,962.895852,RW8,0.00378
8,Central,F,89.2,805.818138,RW8,0.002803
9,Central,F,106.5,960.545944,RW8,-0.005382
10,Central,F,74.4,670.357113,RW8,-0.006016
11,Central,F,83.4,808.202075,RW8,0.002035
12,Central,F,100.9,1002.208643,RW8,0.003134
13,Central,F,99.8,568.339192,RW8,0.002701
14,Central,F,50.3,496.217005,RW8,-0.00402
15,East,F,57.3,464.117846,RW8,3.69e-4
16,East,F,78.6,615.637977,RW8,0.007032
17,East,F,78.6,812.263689,RW8,0.007922
18,East,F,55.9,643.97178,RW8,-0.00333
19,East,F,73.6,755.143488,RW8,0.002108
20,East,F,57.3,656.577666,RW8,0.002116
21,East,F,52.7,627.328429,RW8,0.007572
22,East,F,78.4,588.499253,RW8,0.008656
23,East,F,53.9,533.444403,RW8,-0.001036
24,East,F,76.8,698.330635,RW8,-9.07e-4
25,West,F,79.5,376.677564,RW8,-0.001151
26,West,F,105.1,498.605865,RW8,2.4e-5
27,West,F,95,436.738085,RW8,0.004504
28,West,F,109,513.735079,RW8,0.003672
29,West,F,45.5,275.265341,RW8,-0.010458
30,West,F,78.3,396.903011,RW8,-0.013534
31,West,F,104,453.4962,RW8,-0.006078
32,West,F,88.5,760.660458,RW8,-6.5e-5
33,West,F,68.1,743.689126,RW8,-0.008707
34,West,F,86.2,863.417958,RW8,0.002412
35,West,F,77.5,569.260851,RW8,-0.004205
36,West,F,78.9,1026.300084,RW8,1.84e-4
37,West,F,116.4,888.828929,RW8,-1.36e-4
38,West,F,81.2,1181.868863,RW8,-0.002021
39,West,F,76.6,400.123891,RW8,0.005321
40,West,F,51.6,449.384748,RW8,-0.009605
41,West,F,81.7,752.901178,RW8,2.95e-4
42,West,F,111.8,774.789035,RW8,-0.00394
43,West,F,88.6,631.127171,RW8,0.003448
44,West,F,108,430.205819,RW8,-0.002468
45,West,F,61.2,700.0916,RW8,0.004299
46,West,F,101.9,455.704772,RW8,0.00358
47,West,F,99.5,440.073723,RW8,-0.017349
48,Central,M,88.3,703.64,RW8,0.006847
49,Central,M,34.2,677.322333,RW8,0.002864
50,Central,M,80.4,911.295421,RW8,0.005632
51,Central,M,89,939.061068,RW8,0.011254
52,Central,M,58.1,625.089598,RW8,-0.010491
53,Central,M,84.6,821.974416,RW8,-5.98e-4
54,Central,M,91.3,788.743894,RW8,0.010825
55,Central,M,90.9,636.551099,RW8,0.002623
56,Central,M,85.1,834.939056,RW8,0.007171
57,Central,M,78.2,663.463242,RW8,8.42e-4
58,Central,M,84.1,550.938399,RW8,0.004277
59,Central,M,58.9,476.122943,RW8,6.83e-4
60,Central,M,81.1,587.912367,RW8,0.006348
61,Central,M,52.2,644.817042,RW8,0.005585
62,Central,M,59.8,582.824366,RW8,0.007808
63,East,M,77.5,681.916658,RW8,-0.003178
64,East,M,56.2,494.302947,RW8,-0.01028
65,East,M,50.4,499.835819,RW8,-0.002453
66,East,M,56.7,464.601751,RW8,-0.002093
67,East,M,47.9,500.718431,RW8,-0.005945
68,East,M,58,574.76124,RW8,-0.003272
69,East,M,73.5,654.421847,RW8,0.001497
70,East,M,83.6,812.274005,RW8,-0.002089
71,East,M,51.4,812.030635,RW8,7.85e-4
72,East,M,51.2,632.064054,RW8,-4.6e-4
73,East,M,77.9,587.289172,RW8,0.001243
74,East,M,82.8,786.409543,RW8,0.002443
75,East,M,80.1,878.875995,RW8,0.007773
76,East,M,69,667.517955,RW8,-0.006522
77,East,M,85.6,580.019971,RW8,-0.012944
78,East,M,85.5,630.062267,RW8,0.001588
79,East,M,79.6,460.881764,RW8,-0.006113
80,East,M,96.8,654.561643,RW8,0.008729
81,West,M,79.2,380.197093,RW8,-0.001019
82,West,M,71.7,355.399677,RW8,-0.025217
83,West,M,73,343.140866,RW8,-0.005591
84,West,M,88,393.244012,RW8,-0.003684
85,West,M,49.2,700.56178,RW8,-0.003043
86,West,M,78.2,677.107359,RW8,-0.002958
87,West,M,60.4,499.517357,RW8,0.001455
88,West,M,55.4,692.916215,RW8,-0.006109
89,West,M,82,385.11846,RW8,-0.001246
90,West,M,95.1,1028.885435,RW8,0.004364
91,West,M,92.1,781.43769,RW8,0.001533
92,West,M,76.1,837.565992,RW8,0.019184
93,West,M,55.8,771.999143,RW8,-0.010526
94,West,M,92.2,1010.301148,RW8,-4.5e-5
95,West,M,69,369.722883,RW8,-0.006092
96,West,M,91,686.275155,RW8,0.001363
97,West,M,82.1,396.765058,RW8,-0.016326
98,West,M,94.1,595.784915,RW8,0.002331
99,West,M,92.4,615.486169,RW8,-0.008003
100,West,M,83.3,911.927899,RW8,-0.004061
101,West,M,82.3,622.754406,RW8,0.013909
102,West,M,52.3,686.417865,RW8,8.47e-4
103,West,M,89.1,1040.188511,RW8,-8.08e-4
104,West,M,81.2,729.092593,RW8,-0.002293
105,West,M,100.1,710.057837,RW8,-0.003379
106,West,M,81.4,585.924293,RW8,0.003093
107,West,M,45.7,586.344052,RW8,-0.003912
1,Central,F,112.2,804.928074,RW9,0.007131
2,Central,F,90,722.469024,RW9,0.001303
3,Central,F,63.2,729.791172,RW9,8.39e-4
4,Central,F,56.6,466.056972,RW9,-0.008478
5,Central,F,96.3,811.066081,RW9,0.010938
6,Central,F,88.2,946.360852,RW9,0.001516
7,Central,F,110,962.895852,RW9,-0.001714
8,Central,F,89.2,805.818138,RW9,0.001589
9,Central,F,106.5,960.545944,RW9,-0.003648
10,Central,F,74.4,670.357113,RW9,0.005034
11,Central,F,83.4,808.202075,RW9,-0.008076
12,Central,F,100.9,1002.208643,RW9,0.016644
13,Central,F,99.8,568.339192,RW9,-2.14e-4
14,Central,F,50.3,496.217005,RW9,0.011089
15,East,F,57.3,464.117846,RW9,0.00178
16,East,F,78.6,615.637977,RW9,0.010292
17,East,F,78.6,812.263689,RW9,-3.1e-4
18,East,F,55.9,643.97178,RW9,-0.002062
19,East,F,73.6,755.143488,RW9,0.001303
20,East,F,57.3,656.577666,RW9,0.010439
21,East,F,52.7,627.328429,RW9,-0.013492
22,East,F,78.4,588.499253,RW9,9.78e-4
23,East,F,53.9,533.444403,RW9,-3.87e-4
24,East,F,76.8,698.330635,RW9,0.014931
25,West,F,79.5,376.677564,RW9,-0.00251
26,West,F,105.1,498.605865,RW9,0.007241
27,West,F,95,436.738085,RW9,-0.005449
28,West,F,109,513.735079,RW9,-0.010624
29,West,F,45.5,275.265341,RW9,-0.004277
30,West,F,78.3,396.903011,RW9,0.005439
31,West,F,104,453.4962,RW9,-0.00238
32,West,F,88.5,760.660458,RW9,0.009808
33,West,F,68.1,743.689126,RW9,0.001919
34,West,F,86.2,863.417958,RW9,-0.001633
35,West,F,77.5,569.260851,RW9,-5.18e-4
36,West,F,78.9,1026.300084,RW9,0.004267
37,West,F,116.4,888.828929,RW9,0.009213
38,West,F,81.2,1181.868863,RW9,-6.17e-4
39,West,F,76.6,400.123891,RW9,-2.66e-4
40,West,F,51.6,449.384748,RW9,0.006719
41,West,F,81.7,752.901178,RW9,-0.002622
42,West,F,111.8,774.789035,RW9,0.001903
43,West,F,88.6,631.127171,RW9,0.006205
44,West,F,108,430.205819,RW9,0.005865
45,West,F,61.2,700.0916,RW9,0.002329
46,West,F,101.9,455.704772,RW9,-0.010463
47,West,F,99.5,440.073723,RW9,-0.007778
48,Central,M,88.3,703.64,RW9,-3.66e-4
49,Central,M,34.2,677.322333,RW9,-0.004554
50,Central,M,80.4,911.295421,RW9,-0.002717
51,Central,M,89,939.061068,RW9,-1.37e-4
52,Central,M,58.1,625.089598,RW9,0.004179
53,Central,M,84.6,821.974416,RW9,0.001997
54,Central,M,91.3,788.743894,RW9,-0.003175
55,Central,M,90.9,636.551099,RW9,-0.005844
56,Central,M,85.1,834.939056,RW9,-0.001935
57,Central,M,78.2,663.463242,RW9,0.006172
58,Central,M,84.1,550.938399,RW9,-0.012214
59,Central,M,58.9,476.122943,RW9,0.003946
60,Central,M,81.1,587.912367,RW9,-0.008236
61,Central,M,52.2,644.817042,RW9,0.003397
62,Central,M,59.8,582.824366,RW9,-4.21e-4
63,East,M,77.5,681.916658,RW9,0.006402
64,East,M,56.2,494.302947,RW9,-0.003016
65,East,M,50.4,499.835819,RW9,0.001044
66,East,M,56.7,464.601751,RW9,-4.03e-4
67,East,M,47.9,500.718431,RW9,0.003737
68,East,M,58,574.76124,RW9,1.92e-4
69,East,M,73.5,654.421847,RW9,-0.008828
70,East,M,83.6,812.274005,RW9,-3.5e-4
71,East,M,51.4,812.030635,RW9,0.010293
72,East,M,51.2,632.064054,RW9,-0.002229
73,East,M,77.9,587.289172,RW9,-0.005932
74,East,M,82.8,786.409543,RW9,-0.011534
75,East,M,80.1,878.875995,RW9,-0.011286
76,East,M,69,667.517955,RW9,-0.012177
77,East,M,85.6,580.019971,RW9,1.66e-4
78,East,M,85.5,630.062267,RW9,-0.011703
79,East,M,79.6,460.881764,RW9,-0.00138
80,East,M,96.8,654.561643,RW9,-0.00394
81,West,M,79.2,380.197093,RW9,0.001805
82,West,M,71.7,355.399677,RW9,-0.009925
83,West,M,73,343.140866,RW9,0.012937
84,West,M,88,393.244012,RW9,0.020469
85,West,M,49.2,700.56178,RW9,-8.33e-4
86,West,M,78.2,677.107359,RW9,-4.14e-4
87,West,M,60.4,499.517357,RW9,0.003508
88,West,M,55.4,692.916215,RW9,-0.002063
89,West,M,82,385.11846,RW9,0.002956
90,West,M,95.1,1028.885435,RW9,-0.01099
91,West,M,92.1,781.43769,RW9,0.003434
92,West,M,76.1,837.565992,RW9,0.002306
93,West,M,55.8,771.999143,RW9,-0.001664
94,West,M,92.2,1010.301148,RW9,-4.2e-5
95,West,M,69,369.722883,RW9,-0.005048
96,West,M,91,686.275155,RW9,4.7e-5
97,West,M,82.1,396.765058,RW9,-0.005742
98,West,M,94.1,595.784915,RW9,-0.004174
99,West,M,92.4,615.486169,RW9,-0.003886
100,West,M,83.3,911.927899,RW9,-0.012715
101,West,M,82.3,622.754406,RW9,0.002651
102,West,M,52.3,686.417865,RW9,-0.005324
103,West,M,89.1,1040.188511,RW9,0.002196
104,West,M,81.2,729.092593,RW9,0.005019
105,West,M,100.1,710.057837,RW9,-0.00491
106,West,M,81.4,585.924293,RW9,-0.007264
107,West,M,45.7,586.344052,RW9,0.019318
1,Central,F,112.2,804.928074,RW10,-0.005259
2,Central,F,90,722.469024,RW10,-0.004042
3,Central,F,63.2,729.791172,RW10,0.007645
4,Central,F,56.6,466.056972,RW10,0.009065
5,Central,F,96.3,811.066081,RW10,0.00438
6,Central,F,88.2,946.360852,RW10,4.5e-5
7,Central,F,110,962.895852,RW10,6e-5
8,Central,F,89.2,805.818138,RW10,1.73e-4
9,Central,F,106.5,960.545944,RW10,-0.002729
10,Central,F,74.4,670.357113,RW10,-0.005816
11,Central,F,83.4,808.202075,RW10,0.009091
12,Central,F,100.9,1002.208643,RW10,0.003212
13,Central,F,99.8,568.339192,RW10,0.006589
14,Central,F,50.3,496.217005,RW10,0.00864
15,East,F,57.3,464.117846,RW10,0.001055
16,East,F,78.6,615.637977,RW10,0.009427
17,East,F,78.6,812.263689,RW10,-0.002701
18,East,F,55.9,643.97178,RW10,-0.009532
19,East,F,73.6,755.143488,RW10,-0.006571
20,East,F,57.3,656.577666,RW10,0.00371
21,East,F,52.7,627.328429,RW10,0.00607
22,East,F,78.4,588.499253,RW10,-0.002389
23,East,F,53.9,533.444403,RW10,-0.008477
24,East,F,76.8,698.330635,RW10,-0.007254
25,West,F,79.5,376.677564,RW10,0.001853
26,West,F,105.1,498.605865,RW10,0.014559
27,West,F,95,436.738085,RW10,0.001258
28,West,F,109,513.735079,RW10,0.002613
29,West,F,45.5,275.265341,RW10,0.008281
30,West,F,78.3,396.903011,RW10,0.007889
31,West,F,104,453.4962,RW10,-0.006449
32,West,F,88.5,760.660458,RW10,-0.00333
33,West,F,68.1,743.689126,RW10,-7.51e-4
34,West,F,86.2,863.417958,RW10,-0.012089
35,West,F,77.5,569.260851,RW10,-0.002103
36,West,F,78.9,1026.300084,RW10,0.007077
37,West,F,116.4,888.828929,RW10,-0.012547
38,West,F,81.2,1181.868863,RW10,-0.01269
39,West,F,76.6,400.123891,RW10,-0.00247
40,West,F,51.6,449.384748,RW10,0.011157
41,West,F,81.7,752.901178,RW10,-0.006337
42,West,F,111.8,774.789035,RW10,-0.006919
43,West,F,88.6,631.127171,RW10,9.17e-4
44,West,F,108,430.205819,RW10,-0.004359
45,West,F,61.2,700.0916,RW10,2.58e-4
46,West,F,101.9,455.704772,RW10,0.003396
47,West,F,99.5,440.073723,RW10,-0.003687
48,Central,M,88.3,703.64,RW10,-0.003864
49,Central,M,34.2,677.322333,RW10,-0.001955
50,Central,M,80.4,911.295421,RW10,-0.00158
51,Central,M,89,939.061068,RW10,-0.0015790000000000001
52,Central,M,58.1,625.089598,RW10,0.013096
53,Central,M,84.6,821.974416,RW10,-0.01272
54,Central,M,91.3,788.743894,RW10,0.013303
55,Central,M,90.9,636.551099,RW10,0.001034
56,Central,M,85.1,834.939056,RW10,0.010594
57,Central,M,78.2,663.463242,RW10,-0.014182
58,Central,M,84.1,550.938399,RW10,0.001539
59,Central,M,58.9,476.122943,RW10,0.006832
60,Central,M,81.1,587.912367,RW10,-9.07e-4
61,Central,M,52.2,644.817042,RW10,0.002485
62,Central,M,59.8,582.824366,RW10,-0.005474
63,East,M,77.5,681.916658,RW10,4.03e-4
64,East,M,56.2,494.302947,RW10,-0.009429
65,East,M,50.4,499.835819,RW10,0.007471
66,East,M,56.7,464.601751,RW10,-0.00497
67,East,M,47.9,500.718431,RW10,-0.001956
68,East,M,58,574.76124,RW10,-0.005247
69,East,M,73.5,654.421847,RW10,0.010698
70,East,M,83.6,812.274005,RW10,0.006367
71,East,M,51.4,812.030635,RW10,-0.001943
72,East,M,51.2,632.064054,RW10,-0.001693
73,East,M,77.9,587.289172,RW10,0.003869
74,East,M,82.8,786.409543,RW10,-0.002897
75,East,M,80.1,878.875995,RW10,-0.005478
76,East,M,69,667.517955,RW10,-0.003835
77,East,M,85.6,580.019971,RW10,7.19e-4
78,East,M,85.5,630.062267,RW10,-0.004741
79,East,M,79.6,460.881764,RW10,0.005531
80,East,M,96.8,654.561643,RW10,0.002179
81,West,M,79.2,380.197093,RW10,-0.009712
82,West,M,71.7,355.399677,RW10,0.005053
83,West,M,73,343.140866,RW10,0.001142
84,West,M,88,393.244012,RW10,-0.006117
85,West,M,49.2,700.56178,RW10,0.002586
86,West,M,78.2,677.107359,RW10,-0.001496
87,West,M,60.4,499.517357,RW10,0.003224
88,West,M,55.4,692.916215,RW10,0.00315
89,West,M,82,385.11846,RW10,0.003507
90,West,M,95.1,1028.885435,RW10,0.001139
91,West,M,92.1,781.43769,RW10,-0.007007
92,West,M,76.1,837.565992,RW10,-6.94e-4
93,West,M,55.8,771.999143,RW10,4.33e-4
94,West,M,92.2,1010.301148,RW10,0.005036
95,West,M,69,369.722883,RW10,-0.008029
96,West,M,91,686.275155,RW10,-0.00522
97,West,M,82.1,396.765058,RW10,-0.007383
98,West,M,94.1,595.784915,RW10,-0.001692
99,West,M,92.4,615.486169,RW10,-0.001788
100,West,M,83.3,911.927899,RW10,-0.007067
101,West,M,82.3,622.754406,RW10,-0.002575
102,West,M,52.3,686.417865,RW10,0.004999
103,West,M,89.1,1040.188511,RW10,0.005012
104,West,M,81.2,729.092593,RW10,0.010327
105,West,M,100.1,710.057837,RW10,0.016915
106,West,M,81.4,585.924293,RW10,-0.006773
107,West,M,45.7,586.344052,RW10,0.00144
1,Central,F,112.2,804.928074,RW11,0.011275
2,Central,F,90,722.469024,RW11,0.002978
3,Central,F,63.2,729.791172,RW11,0.005926
4,Central,F,56.6,466.056972,RW11,0.005938
5,Central,F,96.3,811.066081,RW11,0.005959
6,Central,F,88.2,946.360852,RW11,0.008877
7,Central,F,110,962.895852,RW11,0.001984
8,Central,F,89.2,805.818138,RW11,-0.002517
9,Central,F,106.5,960.545944,RW11,-0.00202
10,Central,F,74.4,670.357113,RW11,-3.22e-4
11,Central,F,83.4,808.202075,RW11,-0.008174
12,Central,F,100.9,1002.208643,RW11,0.009477
13,Central,F,99.8,568.339192,RW11,-0.00436
14,Central,F,50.3,496.217005,RW11,0.00512
15,East,F,57.3,464.117846,RW11,-0.00766
16,East,F,78.6,615.637977,RW11,0.013205
17,East,F,78.6,812.263689,RW11,-0.002356
18,East,F,55.9,643.97178,RW11,-0.001066
19,East,F,73.6,755.143488,RW11,0.006043
20,East,F,57.3,656.577666,RW11,-0.009056
21,East,F,52.7,627.328429,RW11,-0.009545
22,East,F,78.4,588.499253,RW11,0.0014
23,East,F,53.9,533.444403,RW11,-6.37e-4
24,East,F,76.8,698.330635,RW11,-0.002802
25,West,F,79.5,376.677564,RW11,0.00824
26,West,F,105.1,498.605865,RW11,-0.003485
27,West,F,95,436.738085,RW11,0.006843
28,West,F,109,513.735079,RW11,-0.001711
29,West,F,45.5,275.265341,RW11,0.00748
30,West,F,78.3,396.903011,RW11,-0.002026
31,West,F,104,453.4962,RW11,-0.0019
32,West,F,88.5,760.660458,RW11,-0.007459
33,West,F,68.1,743.689126,RW11,-1.22e-4
34,West,F,86.2,863.417958,RW11,0.001404
35,West,F,77.5,569.260851,RW11,0.006661
36,West,F,78.9,1026.300084,RW11,0.002021
37,West,F,116.4,888.828929,RW11,0.006893
38,West,F,81.2,1181.868863,RW11,0.004564
39,West,F,76.6,400.123891,RW11,-0.006649
40,West,F,51.6,449.384748,RW11,-0.007923
41,West,F,81.7,752.901178,RW11,0.005734
42,West,F,111.8,774.789035,RW11,0.00163
43,West,F,88.6,631.127171,RW11,-3.52e-4
44,West,F,108,430.205819,RW11,-0.002653
45,West,F,61.2,700.0916,RW11,0.005683
46,West,F,101.9,455.704772,RW11,0.001842
47,West,F,99.5,440.073723,RW11,-0.005116
48,Central,M,88.3,703.64,RW11,-0.00795
49,Central,M,34.2,677.322333,RW11,-0.001653
50,Central,M,80.4,911.295421,RW11,-0.006339
51,Central,M,89,939.061068,RW11,-0.007112
52,Central,M,58.1,625.089598,RW11,0.002787
53,Central,M,84.6,821.974416,RW11,6.98e-4
54,Central,M,91.3,788.743894,RW11,0.011263
55,Central,M,90.9,636.551099,RW11,-5.39e-4
56,Central,M,85.1,834.939056,RW11,-0.004775
57,Central,M,78.2,663.463242,RW11,-0.001995
58,Central,M,84.1,550.938399,RW11,-0.001467
59,Central,M,58.9,476.122943,RW11,-0.010889
60,Central,M,81.1,587.912367,RW11,-0.004671
61,Central,M,52.2,644.817042,RW11,-0.004972
62,Central,M,59.8,582.824366,RW11,-0.007606
63,East,M,77.5,681.916658,RW11,-0.004701
64,East,M,56.2,494.302947,RW11,0.004414
65,East,M,50.4,499.835819,RW11,-0.011131
66,East,M,56.7,464.601751,RW11,-0.006868
67,East,M,47.9,500.718431,RW11,-0.003832
68,East,M,58,574.76124,RW11,-0.007406
69,East,M,73.5,654.421847,RW11,-0.004488
70,East,M,83.6,812.274005,RW11,-0.005284
71,East,M,51.4,812.030635,RW11,-0.012465
72,East,M,51.2,632.064054,RW11,0.003301
73,East,M,77.9,587.289172,RW11,0.005293
74,East,M,82.8,786.409543,RW11,-0.004381
75,East,M,80.1,878.875995,RW11,0.001763
76,East,M,69,667.517955,RW11,-0.008793
77,East,M,85.6,580.019971,RW11,0.007344
78,East,M,85.5,630.062267,RW11,0.004427
79,East,M,79.6,460.881764,RW11,0.003337
80,East,M,96.8,654.561643,RW11,0.009343
81,West,M,79.2,380.197093,RW11,-0.006776
82,West,M,71.7,355.399677,RW11,0.018079
83,West,M,73,343.140866,RW11,0.001116
84,West,M,88,393.244012,RW11,-0.001831
85,West,M,49.2,700.56178,RW11,-0.005919
86,West,M,78.2,677.107359,RW11,0.003128
87,West,M,60.4,499.517357,RW11,0.001506
88,West,M,55.4,692.916215,RW11,0.001139
89,West,M,82,385.11846,RW11,-0.001112
90,West,M,95.1,1028.885435,RW11,0.001581
91,West,M,92.1,781.43769,RW11,-4.14e-4
92,West,M,76.1,837.565992,RW11,0.005826
93,West,M,55.8,771.999143,RW11,-0.001532
94,West,M,92.2,1010.301148,RW11,-0.009825
95,West,M,69,369.722883,RW11,0.014436
96,West,M,91,686.275155,RW11,0.001897
97,West,M,82.1,396.765058,RW11,-0.00539
98,West,M,94.1,595.784915,RW11,-7.89e-4
99,West,M,92.4,615.486169,RW11,9.17e-4
100,West,M,83.3,911.927899,RW11,3.1e-4
101,West,M,82.3,622.754406,RW11,7.47e-4
102,West,M,52.3,686.417865,RW11,0.008737
103,West,M,89.1,1040.188511,RW11,0.00864
104,West,M,81.2,729.092593,RW11,0.002651
105,West,M,100.1,710.057837,RW11,-0.008234
106,West,M,81.4,585.924293,RW11,-9.68e-4
107,West,M,45.7,586.344052,RW11,1.61e-4
1,Central,F,112.2,804.928074,RW12,0.002754
2,Central,F,90,722.469024,RW12,1.82e-4
3,Central,F,63.2,729.791172,RW12,0.002671
4,Central,F,56.6,466.056972,RW12,0.008438
5,Central,F,96.3,811.066081,RW12,-0.004576
6,Central,F,88.2,946.360852,RW12,-0.004441
7,Central,F,110,962.895852,RW12,0.001477
8,Central,F,89.2,805.818138,RW12,0.002697
9,Central,F,106.5,960.545944,RW12,0.009197
10,Central,F,74.4,670.357113,RW12,0.006249
11,Central,F,83.4,808.202075,RW12,0.003724
12,Central,F,100.9,1002.208643,RW12,0.002707
13,Central,F,99.8,568.339192,RW12,9.5e-5
14,Central,F,50.3,496.217005,RW12,0.003165
15,East,F,57.3,464.117846,RW12,8.99e-4
16,East,F,78.6,615.637977,RW12,0.005028
17,East,F,78.6,812.263689,RW12,2.68e-4
18,East,F,55.9,643.97178,RW12,0.002601
19,East,F,73.6,755.143488,RW12,0.007049
20,East,F,57.3,656.577666,RW12,-0.003496
21,East,F,52.7,627.328429,RW12,-7.9e-5
22,East,F,78.4,588.499253,RW12,-0.007112
23,East,F,53.9,533.444403,RW12,-6.5e-4
24,East,F,76.8,698.330635,RW12,0.002869
25,West,F,79.5,376.677564,RW12,-0.008352
26,West,F,105.1,498.605865,RW12,-0.001166
27,West,F,95,436.738085,RW12,-0.007722
28,West,F,109,513.735079,RW12,0.001938
29,West,F,45.5,275.265341,RW12,-0.002351
30,West,F,78.3,396.903011,RW12,-0.00393
31,West,F,104,453.4962,RW12,0.003777
32,West,F,88.5,760.660458,RW12,8.43e-4
33,West,F,68.1,743.689126,RW12,-0.002513
34,West,F,86.2,863.417958,RW12,0.002033
35,West,F,77.5,569.260851,RW12,0.001481
36,West,F,78.9,1026.300084,RW12,0.005539
37,West,F,116.4,888.828929,RW12,-0.005678
38,West,F,81.2,1181.868863,RW12,0.005744
39,West,F,76.6,400.123891,RW12,-0.003982
40,West,F,51.6,449.384748,RW12,4.57e-4
41,West,F,81.7,752.901178,RW12,0.00599
42,West,F,111.8,774.789035,RW12,-0.002719
43,West,F,88.6,631.127171,RW12,-0.003495
44,West,F,108,430.205819,RW12,0.004434
45,West,F,61.2,700.0916,RW12,9.88e-4
46,West,F,101.9,455.704772,RW12,0.00319
47,West,F,99.5,440.073723,RW12,-7.43e-4
48,Central,M,88.3,703.64,RW12,0.001177
49,Central,M,34.2,677.322333,RW12,0.001913
50,Central,M,80.4,911.295421,RW12,7.53e-4
51,Central,M,89,939.061068,RW12,-0.005163
52,Central,M,58.1,625.089598,RW12,0.010156
53,Central,M,84.6,821.974416,RW12,0.004462
54,Central,M,91.3,788.743894,RW12,-0.00848
55,Central,M,90.9,636.551099,RW12,0.006394
56,Central,M,85.1,834.939056,RW12,-1.7e-5
57,Central,M,78.2,663.463242,RW12,-0.005848
58,Central,M,84.1,550.938399,RW12,0.006592
59,Central,M,58.9,476.122943,RW12,-0.002581
60,Central,M,81.1,587.912367,RW12,3.21e-4
61,Central,M,52.2,644.817042,RW12,0.002437
62,Central,M,59.8,582.824366,RW12,-0.00686
63,East,M,77.5,681.916658,RW12,0.006826
64,East,M,56.2,494.302947,RW12,0.003114
65,East,M,50.4,499.835819,RW12,2.75e-4
66,East,M,56.7,464.601751,RW12,-0.004227
67,East,M,47.9,500.718431,RW12,-0.004696
68,East,M,58,574.76124,RW12,-0.010612
69,East,M,73.5,654.421847,RW12,-0.001387
70,East,M,83.6,812.274005,RW12,2.76e-4
71,East,M,51.4,812.030635,RW12,0.001282
72,East,M,51.2,632.064054,RW12,-0.001556
73,East,M,77.9,587.289172,RW12,-0.008866
74,East,M,82.8,786.409543,RW12,-0.001995
75,East,M,80.1,878.875995,RW12,-0.001578
76,East,M,69,667.517955,RW12,-0.001571
77,East,M,85.6,580.019971,RW12,-0.009147
78,East,M,85.5,630.062267,RW12,1.61e-4
79,East,M,79.6,460.881764,RW12,-0.002154
80,East,M,96.8,654.561643,RW12,-0.001052
81,West,M,79.2,380.197093,RW12,1.23e-4
82,West,M,71.7,355.399677,RW12,-0.005287
83,West,M,73,343.140866,RW12,-0.004039
84,West,M,88,393.244012,RW12,0.004313
85,West,M,49.2,700.56178,RW12,2.55e-4
86,West,M,78.2,677.107359,RW12,-0.003189
87,West,M,60.4,499.517357,RW12,0.004507
88,West,M,55.4,692.916215,RW12,0.00176
89,West,M,82,385.11846,RW12,5.56e-4
90,West,M,95.1,1028.885435,RW12,-0.004224
91,West,M,92.1,781.43769,RW12,-0.004072
92,West,M,76.1,837.565992,RW12,0.002019
93,West,M,55.8,771.999143,RW12,0.002975
94,West,M,92.2,1010.301148,RW12,0.010967
95,West,M,69,369.722883,RW12,0.005248
96,West,M,91,686.275155,RW12,-0.009251
97,West,M,82.1,396.765058,RW12,0.001993
98,West,M,94.1,595.784915,RW12,0.004042
99,West,M,92.4,615.486169,RW12,0.001455
100,West,M,83.3,911.927899,RW12,9e-5
101,West,M,82.3,622.754406,RW12,0.005252
102,West,M,52.3,686.417865,RW12,-0.002109
103,West,M,89.1,1040.188511,RW12,0.006342
104,West,M,81.2,729.092593,RW12,0.003899
105,West,M,100.1,710.057837,RW12,-0.007612
106,West,M,81.4,585.924293,RW12,-0.007359
107,West,M,45.7,586.344052,RW12,-0.012484
1,Central,F,112.2,804.928074,RW13,-0.007418
2,Central,F,90,722.469024,RW13,0.001434
3,Central,F,63.2,729.791172,RW13,-9.82e-4
4,Central,F,56.6,466.056972,RW13,2.99e-4
5,Central,F,96.3,811.066081,RW13,-0.005278
6,Central,F,88.2,946.360852,RW13,-3.58e-4
7,Central,F,110,962.895852,RW13,0.0035
8,Central,F,89.2,805.818138,RW13,0.001456
9,Central,F,106.5,960.545944,RW13,0.001376
10,Central,F,74.4,670.357113,RW13,0.002073
11,Central,F,83.4,808.202075,RW13,0.002356
12,Central,F,100.9,1002.208643,RW13,0.003771
13,Central,F,99.8,568.339192,RW13,-0.006085
14,Central,F,50.3,496.217005,RW13,0.005236
15,East,F,57.3,464.117846,RW13,0.006887
16,East,F,78.6,615.637977,RW13,-0.001532
17,East,F,78.6,812.263689,RW13,0.001272
18,East,F,55.9,643.97178,RW13,0.002591
19,East,F,73.6,755.143488,RW13,-0.011195
20,East,F,57.3,656.577666,RW13,-1.53e-4
21,East,F,52.7,627.328429,RW13,0.005089
22,East,F,78.4,588.499253,RW13,-3.17e-4
23,East,F,53.9,533.444403,RW13,-0.001064
24,East,F,76.8,698.330635,RW13,-0.008878
25,West,F,79.5,376.677564,RW13,0.004642
26,West,F,105.1,498.605865,RW13,0.005086
27,West,F,95,436.738085,RW13,-2.82e-4
28,West,F,109,513.735079,RW13,6.46e-4
29,West,F,45.5,275.265341,RW13,-0.001505
30,West,F,78.3,396.903011,RW13,-0.005522
31,West,F,104,453.4962,RW13,0.001932
32,West,F,88.5,760.660458,RW13,0.006787
33,West,F,68.1,743.689126,RW13,7.65e-4
34,West,F,86.2,863.417958,RW13,-8.51e-4
35,West,F,77.5,569.260851,RW13,6.21e-4
36,West,F,78.9,1026.300084,RW13,-8.55e-4
37,West,F,116.4,888.828929,RW13,6.76e-4
38,West,F,81.2,1181.868863,RW13,0.004343
39,West,F,76.6,400.123891,RW13,0.001694
40,West,F,51.6,449.384748,RW13,-2.92e-4
41,West,F,81.7,752.901178,RW13,0.00867
42,West,F,111.8,774.789035,RW13,0.006355
43,West,F,88.6,631.127171,RW13,8.36e-4
44,West,F,108,430.205819,RW13,0.002346
45,West,F,61.2,700.0916,RW13,-0.003155
46,West,F,101.9,455.704772,RW13,0.003625
47,West,F,99.5,440.073723,RW13,-0.006052
48,Central,M,88.3,703.64,RW13,-0.001539
49,Central,M,34.2,677.322333,RW13,-0.007072
50,Central,M,80.4,911.295421,RW13,6.7e-4
51,Central,M,89,939.061068,RW13,2.52e-4
52,Central,M,58.1,625.089598,RW13,-5.02e-4
53,Central,M,84.6,821.974416,RW13,0.001974
54,Central,M,91.3,788.743894,RW13,0.00348
55,Central,M,90.9,636.551099,RW13,-0.001299
56,Central,M,85.1,834.939056,RW13,-0.002822
57,Central,M,78.2,663.463242,RW13,0.002038
58,Central,M,84.1,550.938399,RW13,-0.003383
59,Central,M,58.9,476.122943,RW13,0.003644
60,Central,M,81.1,587.912367,RW13,0.006091
61,Central,M,52.2,644.817042,RW13,0.001811
62,Central,M,59.8,582.824366,RW13,0.006039
63,East,M,77.5,681.916658,RW13,-9.85e-4
64,East,M,56.2,494.302947,RW13,0.002708
65,East,M,50.4,499.835819,RW13,0.003139
66,East,M,56.7,464.601751,RW13,0.003379
67,East,M,47.9,500.718431,RW13,0.001384
68,East,M,58,574.76124,RW13,0.003045
69,East,M,73.5,654.421847,RW13,-0.002328
70,East,M,83.6,812.274005,RW13,0.003171
71,East,M,51.4,812.030635,RW13,-0.014431
72,East,M,51.2,632.064054,RW13,-0.002448
73,East,M,77.9,587.289172,RW13,-0.005428
74,East,M,82.8,786.409543,RW13,-0.005362
75,East,M,80.1,878.875995,RW13,1.56e-4
76,East,M,69,667.517955,RW13,-0.001491
77,East,M,85.6,580.019971,RW13,-0.004982
78,East,M,85.5,630.062267,RW13,-0.00867
79,East,M,79.6,460.881764,RW13,-0.00252
80,East,M,96.8,654.561643,RW13,-1.48e-4
81,West,M,79.2,380.197093,RW13,-0.005035
82,West,M,71.7,355.399677,RW13,0.002318
83,West,M,73,343.140866,RW13,0.005179
84,West,M,88,393.244012,RW13,-0.001227
85,West,M,49.2,700.56178,RW13,0.005308
86,West,M,78.2,677.107359,RW13,0.003867
87,West,M,60.4,499.517357,RW13,0.007733
88,West,M,55.4,692.916215,RW13,-0.002452
89,West,M,82,385.11846,RW13,9.9e-4
90,West,M,95.1,1028.885435,RW13,-0.002285
91,West,M,92.1,781.43769,RW13,-0.005457
92,West,M,76.1,837.565992,RW13,-0.002244
93,West,M,55.8,771.999143,RW13,0.002575
94,West,M,92.2,1010.301148,RW13,-0.005558
95,West,M,69,369.722883,RW13,-0.0038
96,West,M,91,686.275155,RW13,-9.38e-4
97,West,M,82.1,396.765058,RW13,0.001019
98,West,M,94.1,595.784915,RW13,-0.004094
99,West,M,92.4,615.486169,RW13,-0.001263
100,West,M,83.3,911.927899,RW13,0.003199
101,West,M,82.3,622.754406,RW13,0.001819
102,West,M,52.3,686.417865,RW13,0.006121
103,West,M,89.1,1040.188511,RW13,-0.001247
104,West,M,81.2,729.092593,RW13,0.005356
105,West,M,100.1,710.057837,RW13,-0.010794
106,West,M,81.4,585.924293,RW13,0.001168
107,West,M,45.7,586.344052,RW13,-0.002414
1,Central,F,112.2,804.928074,RW14,-0.003388
2,Central,F,90,722.469024,RW14,-5.03e-4
3,Central,F,63.2,729.791172,RW14,0.00484
4,Central,F,56.6,466.056972,RW14,9.36e-4
5,Central,F,96.3,811.066081,RW14,-1.59e-4
6,Central,F,88.2,946.360852,RW14,0.007621
7,Central,F,110,962.895852,RW14,0.001445
8,Central,F,89.2,805.818138,RW14,0.001257
9,Central,F,106.5,960.545944,RW14,-5.06e-4
10,Central,F,74.4,670.357113,RW14,7.84e-4
11,Central,F,83.4,808.202075,RW14,-0.001656
12,Central,F,100.9,1002.208643,RW14,-5.3e-5
13,Central,F,99.8,568.339192,RW14,0.006545
14,Central,F,50.3,496.217005,RW14,-0.003596
15,East,F,57.3,464.117846,RW14,0.013542
16,East,F,78.6,615.637977,RW14,0.004034
17,East,F,78.6,812.263689,RW14,-1.61e-4
18,East,F,55.9,643.97178,RW14,-0.00129
19,East,F,73.6,755.143488,RW14,-0.002164
20,East,F,57.3,656.577666,RW14,-0.001691
21,East,F,52.7,627.328429,RW14,-0.003073
22,East,F,78.4,588.499253,RW14,-8.58e-4
23,East,F,53.9,533.444403,RW14,5.37e-4
24,East,F,76.8,698.330635,RW14,-4.71e-4
25,West,F,79.5,376.677564,RW14,0.006079
26,West,F,105.1,498.605865,RW14,0.002093
27,West,F,95,436.738085,RW14,-0.001886
28,West,F,109,513.735079,RW14,-0.006575
29,West,F,45.5,275.265341,RW14,-0.005692
30,West,F,78.3,396.903011,RW14,-0.00374
31,West,F,104,453.4962,RW14,0.001903
32,West,F,88.5,760.660458,RW14,-0.004399
33,West,F,68.1,743.689126,RW14,-4.27e-4
34,West,F,86.2,863.417958,RW14,-0.005251
35,West,F,77.5,569.260851,RW14,5e-6
36,West,F,78.9,1026.300084,RW14,0.001708
37,West,F,116.4,888.828929,RW14,0.001333
38,West,F,81.2,1181.868863,RW14,3.66e-4
39,West,F,76.6,400.123891,RW14,-0.001351
40,West,F,51.6,449.384748,RW14,-0.01093
41,West,F,81.7,752.901178,RW14,-0.004233
42,West,F,111.8,774.789035,RW14,-0.006094
43,West,F,88.6,631.127171,RW14,0.009852
44,West,F,108,430.205819,RW14,-2.67e-4
45,West,F,61.2,700.0916,RW14,0.006136
46,West,F,101.9,455.704772,RW14,-0.00105
47,West,F,99.5,440.073723,RW14,-0.00203
48,Central,M,88.3,703.64,RW14,0.005397
49,Central,M,34.2,677.322333,RW14,0.005669
50,Central,M,80.4,911.295421,RW14,-0.006429
51,Central,M,89,939.061068,RW14,-0.007479
52,Central,M,58.1,625.089598,RW14,0.005278
53,Central,M,84.6,821.974416,RW14,0.003535
54,Central,M,91.3,788.743894,RW14,-0.004271
55,Central,M,90.9,636.551099,RW14,-2.8e-5
56,Central,M,85.1,834.939056,RW14,0.001504
57,Central,M,78.2,663.463242,RW14,0.002481
58,Central,M,84.1,550.938399,RW14,-8.18e-4
59,Central,M,58.9,476.122943,RW14,-0.001987
60,Central,M,81.1,587.912367,RW14,0.001605
61,Central,M,52.2,644.817042,RW14,0.004226
62,Central,M,59.8,582.824366,RW14,-0.002998
63,East,M,77.5,681.916658,RW14,0.0018600000000000001
64,East,M,56.2,494.302947,RW14,-0.002599
65,East,M,50.4,499.835819,RW14,0.002979
66,East,M,56.7,464.601751,RW14,0.006668
67,East,M,47.9,500.718431,RW14,-1.11e-4
68,East,M,58,574.76124,RW14,0.001742
69,East,M,73.5,654.421847,RW14,-0.003834
70,East,M,83.6,812.274005,RW14,0.00683
71,East,M,51.4,812.030635,RW14,8.31e-4
72,East,M,51.2,632.064054,RW14,-0.002879
73,East,M,77.9,587.289172,RW14,0.003008
74,East,M,82.8,786.409543,RW14,-0.003327
75,East,M,80.1,878.875995,RW14,0.003223
76,East,M,69,667.517955,RW14,0.001474
77,East,M,85.6,580.019971,RW14,-0.002304
78,East,M,85.5,630.062267,RW14,0.001108
79,East,M,79.6,460.881764,RW14,0.003287
80,East,M,96.8,654.561643,RW14,2.45e-4
81,West,M,79.2,380.197093,RW14,-2.93e-4
82,West,M,71.7,355.399677,RW14,0.004855
83,West,M,73,343.140866,RW14,-0.006554
84,West,M,88,393.244012,RW14,2.96e-4
85,West,M,49.2,700.56178,RW14,0.003188
86,West,M,78.2,677.107359,RW14,-0.001536
87,West,M,60.4,499.517357,RW14,-0.008166
88,West,M,55.4,692.916215,RW14,0.005622
89,West,M,82,385.11846,RW14,-0.001065
90,West,M,95.1,1028.885435,RW14,-0.003077
91,West,M,92.1,781.43769,RW14,-0.00559
92,West,M,76.1,837.565992,RW14,-5.27e-4
93,West,M,55.8,771.999143,RW14,-0.003197
94,West,M,92.2,1010.301148,RW14,0.00164
95,West,M,69,369.722883,RW14,-0.00306
96,West,M,91,686.275155,RW14,-0.001688
97,West,M,82.1,396.765058,RW14,0.006592
98,West,M,94.1,595.784915,RW14,-8.16e-4
99,West,M,92.4,615.486169,RW14,-0.003822
100,West,M,83.3,911.927899,RW14,3.01e-4
101,West,M,82.3,622.754406,RW14,-0.004751
102,West,M,52.3,686.417865,RW14,0.001792
103,West,M,89.1,1040.188511,RW14,-0.002995
104,West,M,81.2,729.092593,RW14,-0.001787
105,West,M,100.1,710.057837,RW14,-0.003368
106,West,M,81.4,585.924293,RW14,0.005185
107,West,M,45.7,586.344052,RW14,0.001414
1,Central,F,112.2,804.928074,RW15,-0.005283
2,Central,F,90,722.469024,RW15,0.004802
3,Central,F,63.2,729.791172,RW15,-0.002338
4,Central,F,56.6,466.056972,RW15,0.001399
5,Central,F,96.3,811.066081,RW15,-0.001378
6,Central,F,88.2,946.360852,RW15,5.71e-4
7,Central,F,110,962.895852,RW15,3.2e-5
8,Central,F,89.2,805.818138,RW15,0.001424
9,Central,F,106.5,960.545944,RW15,-7e-4
10,Central,F,74.4,670.357113,RW15,-6.16e-4
11,Central,F,83.4,808.202075,RW15,0.00175
12,Central,F,100.9,1002.208643,RW15,-0.003348
13,Central,F,99.8,568.339192,RW15,-0.001825
14,Central,F,50.3,496.217005,RW15,-0.002944
15,East,F,57.3,464.117846,RW15,0.004508
16,East,F,78.6,615.637977,RW15,0.003955
17,East,F,78.6,812.263689,RW15,0.003852
18,East,F,55.9,643.97178,RW15,-0.004983
19,East,F,73.6,755.143488,RW15,-0.002697
20,East,F,57.3,656.577666,RW15,-0.001299
21,East,F,52.7,627.328429,RW15,-7.91e-4
22,East,F,78.4,588.499253,RW15,0.003696
23,East,F,53.9,533.444403,RW15,0.003138
24,East,F,76.8,698.330635,RW15,-0.001576
25,West,F,79.5,376.677564,RW15,-0.001186
26,West,F,105.1,498.605865,RW15,-0.001524
27,West,F,95,436.738085,RW15,-0.001254
28,West,F,109,513.735079,RW15,9.19e-4
29,West,F,45.5,275.265341,RW15,-0.001073
30,West,F,78.3,396.903011,RW15,0.001346
31,West,F,104,453.4962,RW15,-0.005666
32,West,F,88.5,760.660458,RW15,8.03e-4
33,West,F,68.1,743.689126,RW15,1.05e-4
34,West,F,86.2,863.417958,RW15,-0.003891
35,West,F,77.5,569.260851,RW15,0.002694
36,West,F,78.9,1026.300084,RW15,-0.001439
37,West,F,116.4,888.828929,RW15,0.001386
38,West,F,81.2,1181.868863,RW15,0.007136
39,West,F,76.6,400.123891,RW15,-0.001765
40,West,F,51.6,449.384748,RW15,0.001994
41,West,F,81.7,752.901178,RW15,-6.91e-4
42,West,F,111.8,774.789035,RW15,4.44e-4
43,West,F,88.6,631.127171,RW15,-0.001689
44,West,F,108,430.205819,RW15,0.004931
45,West,F,61.2,700.0916,RW15,-0.003501
46,West,F,101.9,455.704772,RW15,-0.005147
47,West,F,99.5,440.073723,RW15,-0.002805
48,Central,M,88.3,703.64,RW15,-0.003496
49,Central,M,34.2,677.322333,RW15,-6.45e-4
50,Central,M,80.4,911.295421,RW15,-0.004377
51,Central,M,89,939.061068,RW15,-6.51e-4
52,Central,M,58.1,625.089598,RW15,-0.002579
53,Central,M,84.6,821.974416,RW15,-9.02e-4
54,Central,M,91.3,788.743894,RW15,-0.003985
55,Central,M,90.9,636.551099,RW15,0.005674
56,Central,M,85.1,834.939056,RW15,-0.003067
57,Central,M,78.2,663.463242,RW15,-0.001048
58,Central,M,84.1,550.938399,RW15,0.004031
59,Central,M,58.9,476.122943,RW15,0.00381
60,Central,M,81.1,587.912367,RW15,3.97e-4
61,Central,M,52.2,644.817042,RW15,0.001486
62,Central,M,59.8,582.824366,RW15,-0.003987
63,East,M,77.5,681.916658,RW15,0.00518
64,East,M,56.2,494.302947,RW15,-0.005616
65,East,M,50.4,499.835819,RW15,0.001287
66,East,M,56.7,464.601751,RW15,6.4e-5
67,East,M,47.9,500.718431,RW15,-0.00256
68,East,M,58,574.76124,RW15,-0.002992
69,East,M,73.5,654.421847,RW15,1.34e-4
70,East,M,83.6,812.274005,RW15,0.001974
71,East,M,51.4,812.030635,RW15,6.53e-4
72,East,M,51.2,632.064054,RW15,0.004514
73,East,M,77.9,587.289172,RW15,0.002823
74,East,M,82.8,786.409543,RW15,0.001033
75,East,M,80.1,878.875995,RW15,0.001949
76,East,M,69,667.517955,RW15,0.007212
77,East,M,85.6,580.019971,RW15,0.005744
78,East,M,85.5,630.062267,RW15,0.004588
79,East,M,79.6,460.881764,RW15,7.1e-4
80,East,M,96.8,654.561643,RW15,0.008165
81,West,M,79.2,380.197093,RW15,0.005471
82,West,M,71.7,355.399677,RW15,-0.004693
83,West,M,73,343.140866,RW15,0.005001
84,West,M,88,393.244012,RW15,0.002876
85,West,M,49.2,700.56178,RW15,0.003166
86,West,M,78.2,677.107359,RW15,0.00229
87,West,M,60.4,499.517357,RW15,-8.34e-4
88,West,M,55.4,692.916215,RW15,0.004088
89,West,M,82,385.11846,RW15,-0.005892
90,West,M,95.1,1028.885435,RW15,0.005096
91,West,M,92.1,781.43769,RW15,2.51e-4
92,West,M,76.1,837.565992,RW15,-0.003168
93,West,M,55.8,771.999143,RW15,0.004068
94,West,M,92.2,1010.301148,RW15,-0.007304
95,West,M,69,369.722883,RW15,0.001787
96,West,M,91,686.275155,RW15,-0.00423
97,West,M,82.1,396.765058,RW15,-0.007349
98,West,M,94.1,595.784915,RW15,-0.002784
99,West,M,92.4,615.486169,RW15,3.25e-4
100,West,M,83.3,911.927899,RW15,-0.004459
101,West,M,82.3,622.754406,RW15,-0.003501
102,West,M,52.3,686.417865,RW15,5.63e-4
103,West,M,89.1,1040.188511,RW15,0.001047
104,West,M,81.2,729.092593,RW15,9.67e-4
105,West,M,100.1,710.057837,RW15,-0.003399
106,West,M,81.4,585.924293,RW15,-0.004823
107,West,M,45.7,586.344052,RW15,4.43e-4
